Order ID,Customer Name,Mobile Model,Quantity,Price per Unit,Total Price,Promotion Code,Order Amount,GST,Order Date,Payment Status,Shipping Status,Payment Method,Payment Provider,Mobile,Delivery Address
8DY5NBI1X184733717440,Ni Li Juan,Xiaomi/Mi 11/Black/8GB,4,53132,212528,SPRING20,170022.40000000002,25503.360000000004,2023-03-12 00:00:00,Paid,Pending,Credit Card,PayPal,15027309421,He Bei Sheng Feng Ying Shi Gao Ming Shan Wei Jie X Zuo  766932
YPL5ZTEWH184733717651,Yan Yang,Vivo/X60/White/32GB,8,76376,611008,NEWYEAR25,458256.0,68738.4,2023-03-12 00:00:00,Paid,Shipped,Credit Card,American Express,14566489382,Bei Jing Shi Gui Lan Xian Da Xing Wang Lu Y Zuo  440301
CGDK3II56184733717835,Yan Ying,OnePlus/9/Purple/64GB,3,119127,357381,SPRING20,285904.8,42885.719999999994,2023-03-12 00:00:00,Failed,Pending,Debit Card,Visa,18563206923,He Nan Sheng Yang Shi Wei Dou Tong Liao Jie D Zuo  915675
Z0BD551XS184733717996,Li Chun Mei,Xiaomi/Mi 11/Purple/32GB,10,56075,560750,SPRING20,448600.0,67290.0,2023-03-12 00:00:00,Failed,Shipped,PayPal,Visa,15259314553,Ning Xia Hui Zu Zi Zhi Qu Li Xian Feng Dou Wu Han Jie U Zuo  402248
09L96ANNV184733718182,Xu Yu Mei,iPhone/13 Pro/Purple/32GB,6,104017,624102,AUTUMN5,592896.9,88934.535,2023-03-12 00:00:00,Paid,Pending,Credit Card,MasterCard,13790299740,Xi Zang Zi Zhi Qu Shang Hai Shi Zi Chuan Ning De Lu P Zuo  701673
WST878C8R184733718360,Chen Hong Xia,OnePlus/9/Purple/1TB,7,52634,368438,WINTER10,331594.2,49739.13,2023-03-12 00:00:00,Pending,Pending,Debit Card,American Express,13853054336,Si Chuan Sheng Nan Ning Xian Yong Chuan Zhang Lu Z Zuo  703608
FWDUDBYDG184733718539,Jiang Lan Ying,iPhone/13 Pro/Purple/1TB,5,51936,259680,WINTER10,233712.0,35056.799999999996,2023-03-12 00:00:00,Failed,In Transit,Bank Transfer,Visa,18826591438,Liao Ning Sheng Kun Ming Xian Gao Ming Ji Nan Lu C Zuo  170708
BBL70LGVR184733718704,Xiao Gui Rong,Huawei/P40/Blue/254GB,1,87342,87342,WINTER10,78607.8,11791.17,2023-03-12 00:00:00,Failed,Delivered,Debit Card,MasterCard,18600528343,Shan Xi Sheng Chong Qing Xian Liang Ping Liu Jie T Zuo  241973
TCF3TAB9R184733718881,Lian Lan Ying,Xiaomi/Mi 11/Black/1TB,7,79896,559272,SPRING20,447417.60000000003,67112.64,2023-03-12 00:00:00,Failed,Shipped,PayPal,American Express,13754443349,Yun Nan Sheng Shu Ying Xian Men Tou Gou Cheng Du Jie J Zuo  289052
TPHZSTN9E184733719051,He Bo,Oppo/Reno5/Black/128GB,4,78579,314316,AUTUMN5,298600.2,44790.03,2023-03-12 00:00:00,Pending,In Transit,Bank Transfer,American Express,18526689657,Gui Zhou Sheng Tai Bei Shi Mu Ye Qi Qi Ha Er Lu Y Zuo  726718
J4SPJ9WJM184733719223,Hua Gui Hua,Vivo/X60/Red/64GB,1,73266,73266,NEWYEAR25,54949.5,8242.425,2023-03-12 00:00:00,Pending,Delivered,Credit Card,WeChat Pay,13670085646,Ao Men Te Bie Xing Zheng Qu La Sa Shi Bai Yun Liang Jie J Zuo  736795
ZGMP2T6VW184733719423,Cheng Dong Mei,Xiaomi/Mi 11/Black/8GB,3,138574,415722,FESTIVE30,291005.39999999997,43650.80999999999,2023-03-12 00:00:00,Pending,In Transit,Debit Card,American Express,15639026310,An Hui Sheng Xue Mei Xian Yong Chuan Tai Yuan Lu U Zuo  206046
LR9ICVF1M184733719590,Wei Bin,Huawei/P40/Purple/1TB,8,149441,1195528,WINTER10,1075975.2,161396.28,2023-03-12 00:00:00,Pending,Delivered,Debit Card,Visa,14578828486,Ning Xia Hui Zu Zi Zhi Qu Jia He Xian Xiao Nan Wang Jie Y Zuo  924467
6AQJLXYYM184733719782,Yang Fan,Galaxy/S21/Purple/8GB,5,130122,650610,FESTIVE30,455427.0,68314.05,2023-03-12 00:00:00,Paid,Delivered,Credit Card,Alipay,14732734382,Yun Nan Sheng Dong Mei Xian Ji Qu Xiao Lu U Zuo  559857
NO0A8YR1W184733719954,Xiong Rui,Vivo/X60/Red/8GB,1,69986,69986,WINTER10,62987.4,9448.11,2023-03-12 00:00:00,Failed,In Transit,Bank Transfer,WeChat Pay,15096899452,Si Chuan Sheng Min Shi Bin Cheng Wang Lu A Zuo  687486
B9GSJA7ES184733720119,Yao Shu Lan,iPhone/13/Purple/32GB,10,54560,545600,SPRING20,436480.0,65472.0,2023-03-12 00:00:00,Pending,Delivered,Credit Card,PayPal,15978466368,Shan Xi Sheng Yu Xian Xun Yang Yu Lu W Zuo  749814
0IRMIYLGZ184733720286,Huang Gui Xiang,Xiaomi/Mi 11/Red/254GB,3,98632,295896,NEWYEAR25,221922.0,33288.299999999996,2023-03-12 00:00:00,Failed,Delivered,Bank Transfer,Alipay,18635921528,Nei Meng Gu Zi Zhi Qu Wu Han Xian Liang Ping Meng Lu U Zuo  246158
N6MGL4KZ6184733720475,Xiao Mei,Oppo/Reno5/Blue/32GB,6,125879,755274,SUMMER15,641982.9,96297.435,2023-03-12 00:00:00,Pending,Shipped,Bank Transfer,PayPal,15146248644,Chong Qing Shi Tai Yuan Xian Huai Rou Hu He Hao Te Lu R Zuo  308985
7DS80AEFW184733720643,Qiu Xiu Mei,iPhone/13/Blue/128GB,4,135130,540520,FESTIVE30,378364.0,56754.6,2023-03-12 00:00:00,Failed,Shipped,PayPal,PayPal,13441674870,Jiang Su Sheng Yong Xian Xiao Nan Kang Jie V Zuo  767986
YOIOBLL3L184733720815,Cen Ning,Huawei/P40/White/64GB,3,64243,192729,NEWYEAR25,144546.75,21682.0125,2023-03-12 00:00:00,Paid,Shipped,Bank Transfer,WeChat Pay,18211222789,Si Chuan Sheng Shan Wei Xian Xiu Ying Li Jie O Zuo  489328
5YO9VYD4M184733720986,Lin Cheng,Xiaomi/Mi 11/Purple/32GB,2,106655,213310,NEWYEAR25,159982.5,23997.375,2023-03-12 00:00:00,Failed,Pending,Credit Card,WeChat Pay,13160791876,Shang Hai Shi Dan Xian Cheng Dong Chang Sha Jie Z Zuo  383092
9OGWUMWNJ184733721144,Tan Xiu Yun,OnePlus/9/Red/128GB,9,54769,492921,SPRING20,394336.80000000005,59150.520000000004,2023-03-12 00:00:00,Paid,Pending,Credit Card,Visa,15783967582,Guang Xi Zhuang Zu Zi Zhi Qu Ying Xian Da Xing Si Jie K Zuo  842393
6EB7BQE4M184733721336,Chen Lei,Vivo/X60/Red/254GB,8,56552,452416,SPRING20,361932.80000000005,54289.920000000006,2023-03-12 00:00:00,Pending,Pending,Credit Card,PayPal,14583807548,Si Chuan Sheng Hai Men Shi Bi Shan Shan Wei Jie I Zuo  563396
AY2GCODFW184733721494,Ke Lei,Galaxy/S21/Red/32GB,1,123579,123579,AUTUMN5,117400.04999999999,17610.007499999996,2023-03-12 00:00:00,Pending,In Transit,Debit Card,Visa,18839641304,Gui Zhou Sheng Shen Zhen Shi Gao Gang Shen Yang Lu P Zuo  406932
BOOF9ZWLY184733721656,Liang Xin,Xiaomi/Mi 11/Purple/128GB,6,72844,437064,WINTER10,393357.60000000003,59003.64,2023-03-12 00:00:00,Pending,Shipped,Bank Transfer,WeChat Pay,15664612368,Liao Ning Sheng Xiu Yun Shi He Ping Zheng Zhou Lu D Zuo  446674
1WQS5EXI4184733721822,Jiang Shu Ying,OnePlus/9/White/64GB,5,68375,341875,AUTUMN5,324781.25,48717.1875,2023-03-12 00:00:00,Paid,Shipped,Debit Card,Visa,18167965167,Guang Dong Sheng Xiu Lan Xian Zhao Yang Bian Lu T Zuo  162168
D44J5UVR0184733722007,Li Li,Huawei/P40/Purple/8GB,1,80574,80574,WINTER10,72516.6,10877.49,2023-03-12 00:00:00,Failed,In Transit,Credit Card,MasterCard,14522733226,Guang Dong Sheng Xia Xian Shan Ting Guo Jie M Zuo  702139
L2Q1H91GB184733722179,Tao Lei,iPhone/13 Pro/Purple/254GB,10,134326,1343260,NEWYEAR25,1007445.0,151116.75,2023-03-12 00:00:00,Paid,Delivered,Credit Card,MasterCard,15908898661,Shan Xi Sheng Gui Rong Xian Sha Wan Shen Zhen Lu P Zuo  782852
R0KON0KTO184733722342,Liu Hong Xia,Vivo/X60/White/64GB,3,81322,243966,FESTIVE30,170776.19999999998,25616.429999999997,2023-03-12 00:00:00,Paid,Shipped,PayPal,MasterCard,15777904145,Guang Dong Sheng Xu Xian Xing Shan Bei Zhen Jie Y Zuo  928118
99ZOIE321184733722503,Ceng Chao,OnePlus/9/Black/254GB,2,85486,170972,SUMMER15,145326.19999999998,21798.929999999997,2023-03-12 00:00:00,Failed,Delivered,Debit Card,American Express,13024143445,Hei Long Jiang Sheng Liu Pan Shui Shi Bi Shan Luo Lu V Zuo  547471
DFD7EACNQ184733722688,Luo Min,iPhone/13 Pro/White/8GB,6,148806,892836,FESTIVE30,624985.2,93747.77999999998,2023-03-12 00:00:00,Failed,Pending,Credit Card,MasterCard,18680749158,Chong Qing Shi Lu An Shi Ji Qu Shen Zhen Jie R Zuo  267641
NNDS6F251184733722846,Ge Bin,Huawei/P40/Black/32GB,7,144579,1012053,NEWYEAR25,759039.75,113855.9625,2023-03-12 00:00:00,Pending,Shipped,Credit Card,MasterCard,18859544136,Jiang Su Sheng Ha Er Bin Shi Hua Long Xie Jie O Zuo  404014
WZZH0SRNS184733723027,Cao Juan,Huawei/P40/Black/1TB,2,84509,169018,NEWYEAR25,126763.5,19014.524999999998,2023-03-12 00:00:00,Pending,Shipped,Debit Card,Alipay,15644473832,Xi Zang Zi Zhi Qu Qin Shi Yong Chuan Da Ye Jie D Zuo  672487
BPRBR3IG7184733723195,Xu Ling,iPhone/13 Pro/Blue/8GB,10,99305,993050,WINTER10,893745.0,134061.75,2023-03-12 00:00:00,Failed,Shipped,Debit Card,Visa,13114991765,Yun Nan Sheng Mei Xian Hua Xi Shan Wei Lu U Zuo  571674
EACCZOH3Y184733723355,Chen Jian Guo,iPhone/13/Black/8GB,10,128895,1288950,FESTIVE30,902265.0,135339.75,2023-03-12 00:00:00,Failed,Shipped,Credit Card,WeChat Pay,18599235450,Ning Xia Hui Zu Zi Zhi Qu Dan Xian Min Xing Chang Chun Jie U Zuo  264324
VI2T9BHVO184733723536,Sun Xiu Fang,Xiaomi/Mi 11/Red/254GB,6,75498,452988,SUMMER15,385039.8,57755.969999999994,2023-03-12 00:00:00,Failed,In Transit,Bank Transfer,American Express,13754347944,Xi Zang Zi Zhi Qu Huan Shi Hai Gang Wen Jie O Zuo  213969
8LNRQUVHH184733723718,Zhang Ning,iPhone/13/Red/254GB,9,131712,1185408,SUMMER15,1007596.7999999999,151139.52,2023-03-12 00:00:00,Failed,In Transit,Debit Card,Alipay,15047452812,Liao Ning Sheng Nan Ning Xian Nan Zhang Chao Hu Lu B Zuo  971947
2OGJPCT0B184733723881,Jiang Gui Zhen,OnePlus/9/Purple/254GB,5,110071,550355,WINTER10,495319.5,74297.925,2023-03-12 00:00:00,Failed,Pending,Bank Transfer,MasterCard,15549499573,He Nan Sheng Jian Shi You Hao Huai An Lu I Zuo  872780
J74HNYGP6184733724049,Zhang Feng Ying,iPhone/13 Pro/Black/1TB,1,138493,138493,SUMMER15,117719.05,17657.8575,2023-03-12 00:00:00,Pending,Shipped,Bank Transfer,Alipay,18997244829,Guang Xi Zhuang Zu Zi Zhi Qu Wu Zhou Xian Sha Shi Li Lu B Zuo  816405
CH1YTEPLE184733724249,Ceng Jia,Galaxy/S21/Blue/32GB,10,90261,902610,WINTER10,812349.0,121852.34999999999,2023-03-12 00:00:00,Paid,Delivered,Bank Transfer,MasterCard,13827564935,Gui Zhou Sheng Rong Shi Min Xing Ao Men Lu S Zuo  499455
G6ZNQVGEC184733724406,Tang Feng Lan,OnePlus/9/Purple/254GB,2,90463,180926,WINTER10,162833.4,24425.01,2023-03-12 00:00:00,Pending,Pending,PayPal,WeChat Pay,18730235037,Ao Men Te Bie Xing Zheng Qu Hong Shi Shang Jie Shi Lu Y Zuo  200999
F3CP8CVF7184733724602,Yu Hui,Xiaomi/Mi 11/Blue/32GB,3,120604,361812,AUTUMN5,343721.39999999997,51558.20999999999,2023-03-12 00:00:00,Failed,Delivered,Bank Transfer,PayPal,18182621555,Shang Hai Shi Tai Yuan Xian Bin Cheng La Sa Jie Z Zuo  267429
5SHSOQ4OS184733724767,Ji Ling,iPhone/13 Pro/Red/8GB,10,94688,946880,SUMMER15,804848.0,120727.2,2023-03-12 00:00:00,Paid,Delivered,Credit Card,WeChat Pay,14551272866,Shang Hai Shi Lin Shi Shang Jie Ma An Shan Jie U Zuo  798836
JT93BZDDS184733724928,Zhao Lei,iPhone/13/Blue/254GB,8,112638,901104,WINTER10,810993.6,121649.04,2023-03-12 00:00:00,Pending,Pending,Bank Transfer,Alipay,13075801962,Tai Wan Sheng Liang Xian Sha Wan He Lu J Zuo  718052
QHZQ3ESU9184733725094,Jia Feng,Oppo/Reno5/Black/254GB,9,113091,1017819,SPRING20,814255.2000000001,122138.28,2023-03-12 00:00:00,Pending,Pending,Credit Card,Alipay,15249190873,Shan Xi Sheng Ling Shi Feng Dou Chao Hu Jie Z Zuo  831740
ARPY4B7W2184733725249,Cai Gui Ying,Oppo/Reno5/Blue/32GB,6,131843,791058,SPRING20,632846.4,94926.96,2023-03-12 00:00:00,Failed,Delivered,Bank Transfer,Alipay,13435307254,Shang Hai Shi Jia He Xian Sha Shi Liu Pan Shui Lu G Zuo  897935
0CS7803E9184733725418,Huang Yu,Oppo/Reno5/White/64GB,7,70421,492947,WINTER10,443652.3,66547.845,2023-03-12 00:00:00,Pending,In Transit,PayPal,Visa,15037617363,Fu Jian Sheng Tong Liao Xian Feng Dou Zhao Lu B Zuo  280340
4A96YPZ62184733725586,Li Xiu Zhen,OnePlus/9/Black/128GB,7,64459,451213,AUTUMN5,428652.35,64297.85249999999,2023-03-12 00:00:00,Paid,In Transit,Bank Transfer,Visa,15006494902,Liao Ning Sheng Hu He Hao Te Xian Sha Wan Da Ye Lu C Zuo  197143
OMNKJPG2F184733725769,Liu Liu,Vivo/X60/Purple/32GB,2,88556,177112,SPRING20,141689.6,21253.44,2023-03-12 00:00:00,Failed,Pending,Debit Card,PayPal,15395672396,Guang Dong Sheng Wu Han Shi Men Tou Gou Zhu Lu U Zuo  508226
342CWF1RO184733725947,Lin Lin,OnePlus/9/Red/1TB,10,90041,900410,WINTER10,810369.0,121555.34999999999,2023-03-12 00:00:00,Failed,Delivered,Credit Card,WeChat Pay,13766425916,Hu Nan Sheng Han Dan Shi Nan Hu Yu Jie E Zuo  207644
O0Y2O5U17184733726120,Weng Hao,Vivo/X60/Blue/1TB,5,106208,531040,NEWYEAR25,398280.0,59742.0,2023-03-12 00:00:00,Failed,Shipped,Credit Card,American Express,13796580094,Tian Jin Shi Hai Men Shi Huang Pu Han Dan Lu X Zuo  966705
WCLMW76AE184733726284,Sun Yu Lan,iPhone/13 Pro/White/1TB,2,53152,106304,NEWYEAR25,79728.0,11959.199999999999,2023-03-12 00:00:00,Pending,Delivered,PayPal,MasterCard,14552500900,Hai Nan Sheng Chang Chun Xian Xi Xia Xiong Lu V Zuo  948937
7BG6OEO5F184733726458,Su Gui Xiang,Vivo/X60/Blue/1TB,6,111062,666372,SUMMER15,566416.2,84962.43,2023-03-12 00:00:00,Failed,In Transit,Bank Transfer,PayPal,14580228753,Gan Su Sheng Guan Ling Xian Ji Qu Yi Dou Lu T Zuo  702935
8Y9FJ20LR184733726624,Yuan Yu,iPhone/13/Purple/1TB,2,79871,159742,FESTIVE30,111819.4,16772.91,2023-03-12 00:00:00,Failed,In Transit,Debit Card,American Express,13295939811,Gan Su Sheng Lu An Xian Ji Qu Tai Yuan Lu H Zuo  937182
FUA4Q1SO7184733726784,Xu Hong Mei,Huawei/P40/White/64GB,6,64917,389502,WINTER10,350551.8,52582.77,2023-03-12 00:00:00,Paid,In Transit,Debit Card,PayPal,14566419210,Xiang Gang Te Bie Xing Zheng Qu Xiang Gang Xian Da Dong Wang Lu R Zuo  460360
S8C9M7SJS184733726982,Yuan Jie,OnePlus/9/Red/254GB,3,62168,186504,SPRING20,149203.2,22380.48,2023-03-12 00:00:00,Failed,In Transit,Credit Card,American Express,18066940973,Liao Ning Sheng Xue Mei Xian Jing An Chang Sha Jie E Zuo  788913
K1KFPWMVX184733727141,Wan Xin,Oppo/Reno5/White/8GB,9,88205,793845,SPRING20,635076.0,95261.4,2023-03-12 00:00:00,Pending,Delivered,Credit Card,WeChat Pay,15931501084,Ao Men Te Bie Xing Zheng Qu Hong Xian Shang Jie Wan Jie W Zuo  748540
ZGJUGOK6R184733727325,Min Yang,Galaxy/S21/White/254GB,9,92207,829863,SUMMER15,705383.5499999999,105807.53249999999,2023-03-12 00:00:00,Paid,Pending,Debit Card,Alipay,13844981319,Gan Su Sheng Qi Qi Ha Er Shi Qing He Tong Lu K Zuo  946193
2S5D6736Z184733727507,Wang Jian,Galaxy/S21/Purple/64GB,7,65903,461321,SPRING20,369056.80000000005,55358.520000000004,2023-03-12 00:00:00,Paid,In Transit,Credit Card,MasterCard,14739631769,Xiang Gang Te Bie Xing Zheng Qu Tao Shi Qing Cheng Xing An Meng Lu B Zuo  992880
5I5RD48IJ184733727687,Liang Gui Ying,iPhone/13 Pro/Red/254GB,10,113656,1136560,FESTIVE30,795592.0,119338.79999999999,2023-03-12 00:00:00,Pending,Pending,Debit Card,PayPal,13468219876,Shan Dong Sheng Hui Shi Huang Pu Liao Lu R Zuo  644390
AAWPJRX66184733727858,Li Hong Mei,iPhone/13 Pro/Purple/8GB,8,88028,704224,WINTER10,633801.6,95070.23999999999,2023-03-12 00:00:00,Failed,Shipped,Debit Card,Alipay,18707088707,Ning Xia Hui Zu Zi Zhi Qu Chong Qing Xian An Ci Chao Hu Lu Q Zuo  927078
LE0YH1W2N184733728038,Tong Bo,Oppo/Reno5/Red/128GB,5,69812,349060,SUMMER15,296701.0,44505.15,2023-03-12 00:00:00,Failed,In Transit,Debit Card,PayPal,15901626847,Fu Jian Sheng Kun Ming Shi Men Tou Gou Qin Jie S Zuo  524134
ATR5RZG8A184733728213,Chen Jian Jun,iPhone/13/Blue/32GB,4,52431,209724,NEWYEAR25,157293.0,23593.95,2023-03-12 00:00:00,Failed,Delivered,Debit Card,WeChat Pay,15993322759,Ao Men Te Bie Xing Zheng Qu Xin Xian Dong Li Yi Dou Lu U Zuo  348292
05O7GZCLG184733728393,Huang Shu Hua,Huawei/P40/Blue/1TB,3,130336,391008,WINTER10,351907.2,52786.08,2023-03-12 00:00:00,Paid,Pending,Credit Card,Visa,14717307198,Yun Nan Sheng Hong Mei Shi He Chuan Miao Lu Q Zuo  375166
BFOQLJ5OJ184733728570,Zhang Xiu Lan,Huawei/P40/Black/64GB,7,77820,544740,WINTER10,490266.0,73539.9,2023-03-12 00:00:00,Paid,Delivered,PayPal,WeChat Pay,15534698933,Gan Su Sheng Mei Xian You Hao Tai Yuan Lu K Zuo  813588
US15701FO184733728726,Luo Jian,iPhone/13 Pro/Black/32GB,7,126958,888706,NEWYEAR25,666529.5,99979.425,2023-03-12 00:00:00,Pending,In Transit,Credit Card,Alipay,13548446884,Jiang Xi Sheng Shan Wei Xian Yong Chuan Chen Lu X Zuo  669741
HAIEQPYJV184733728894,An Xiu Rong,Vivo/X60/Red/32GB,6,53663,321978,SUMMER15,273681.3,41052.195,2023-03-12 00:00:00,Failed,In Transit,Credit Card,WeChat Pay,18220289442,Si Chuan Sheng Bing Xian Cheng Bei Wang Jie I Zuo  909927
NRWY2XIKQ184733729062,Song Xu,Galaxy/S21/White/128GB,5,62298,311490,NEWYEAR25,233617.5,35042.625,2023-03-12 00:00:00,Failed,Shipped,Debit Card,Alipay,18771436975,He Nan Sheng Lu An Xian Dong Li Tang Lu T Zuo  268460
Z8HHYPFXL184733729230,Sun Yu Mei,Galaxy/S21/White/32GB,7,94002,658014,FESTIVE30,460609.8,69091.47,2023-03-12 00:00:00,Paid,Pending,Debit Card,Visa,18096995134,Zhe Jiang Sheng Chen Shi Qing Pu Ao Men Jie S Zuo  303080
VN25E0BLM184733729389,Sun Jing,Oppo/Reno5/Black/1TB,1,95588,95588,AUTUMN5,90808.59999999999,13621.289999999999,2023-03-12 00:00:00,Pending,In Transit,Bank Transfer,Alipay,18097067945,Qing Hai Sheng Yong Xian Cheng Dong Yang Lu R Zuo  652243
DLSWL8B05184733729560,Guo Bin,Galaxy/S21/Purple/128GB,7,131352,919464,AUTUMN5,873490.7999999999,131023.61999999998,2023-03-12 00:00:00,Paid,Shipped,Credit Card,PayPal,15936689371,Gan Su Sheng Tian Jin Shi An Ci Liu Jie A Zuo  405164
O1C8T219I184733729726,Liu Mei,iPhone/13/White/254GB,9,83595,752355,WINTER10,677119.5,101567.925,2023-03-12 00:00:00,Paid,Shipped,PayPal,Visa,18289425865,Liao Ning Sheng Xiu Fang Xian Bin Cheng Zhang Jie D Zuo  600512
OY78Y990H184733729890,Lu Rui,Huawei/P40/Blue/1TB,1,106930,106930,AUTUMN5,101583.5,15237.525,2023-03-12 00:00:00,Pending,Shipped,Debit Card,MasterCard,13663471283,Ao Men Te Bie Xing Zheng Qu Shang Hai Xian Xi Feng Ji Nan Lu U Zuo  226820
BCYATNIDR184733730069,Jia Yang,Huawei/P40/Red/128GB,7,57370,401590,NEWYEAR25,301192.5,45178.875,2023-03-12 00:00:00,Pending,Delivered,Bank Transfer,Alipay,14593976830,Xi Zang Zi Zhi Qu Xiao Hong Xian Zi Chuan Hu Lu S Zuo  980934
6R9RRX58M184733730247,Yang Xiao Hong,iPhone/13/Black/128GB,5,57881,289405,WINTER10,260464.5,39069.674999999996,2023-03-12 00:00:00,Pending,In Transit,PayPal,PayPal,13911781914,He Bei Sheng Xiang Xian Bai Yun Dong Guan Lu S Zuo  778464
AO2O7FY7H184733730405,Li Jie,iPhone/13 Pro/Purple/254GB,3,148900,446700,FESTIVE30,312690.0,46903.5,2023-03-12 00:00:00,Paid,In Transit,Bank Transfer,Alipay,14525060728,Ao Men Te Bie Xing Zheng Qu Yu Shi Da Xing Chao Hu Lu Y Zuo  801918
AYA4S0OEI184733730578,Deng Yu Zhen,Xiaomi/Mi 11/Blue/32GB,5,108859,544295,NEWYEAR25,408221.25,61233.1875,2023-03-12 00:00:00,Pending,Shipped,PayPal,Visa,13080084798,Guang Xi Zhuang Zu Zi Zhi Qu Fu Xin Shi Zhao Yang Gu Jie N Zuo  684457
0VT72GHQF184733730777,Wang Li,Huawei/P40/Blue/254GB,10,83236,832360,FESTIVE30,582652.0,87397.8,2023-03-12 00:00:00,Pending,Shipped,PayPal,Alipay,13645383571,Qing Hai Sheng Xue Xian Min Xing Yang Jie W Zuo  239448
O08FFO84U184733730941,He Hai Yan,Xiaomi/Mi 11/White/128GB,7,84632,592424,AUTUMN5,562802.7999999999,84420.41999999998,2023-03-12 00:00:00,Pending,Pending,PayPal,Alipay,15878578954,Gui Zhou Sheng Chao Hu Shi Shen He Shang Hai Jie D Zuo  766930
MC9EKZ92O184733731104,Zou Jian Hua,Oppo/Reno5/White/64GB,3,103111,309333,NEWYEAR25,231999.75,34799.9625,2023-03-12 00:00:00,Pending,Shipped,PayPal,MasterCard,13521082006,Gan Su Sheng Jian Ping Shi Zi Chuan Zhu Jie O Zuo  681856
68GGUYEKA184733731276,Zhang Bo,Vivo/X60/White/128GB,3,86252,258756,SPRING20,207004.80000000002,31050.72,2023-03-12 00:00:00,Pending,Shipped,Debit Card,American Express,13133599253,Shan Dong Sheng Jian Jun Xian He Chuan Luo Lu V Zuo  237427
MTR2FXIRT184733731442,Zhou Hong Mei,Xiaomi/Mi 11/Red/254GB,5,81578,407890,FESTIVE30,285523.0,42828.45,2023-03-12 00:00:00,Failed,Pending,Bank Transfer,Alipay,14547701141,Xi Zang Zi Zhi Qu Ning Xian Chong Wen Yao Jie V Zuo  385829
SMFQVVKKW184733731621,Qiu Hui,OnePlus/9/Black/32GB,5,77050,385250,FESTIVE30,269675.0,40451.25,2023-03-12 00:00:00,Failed,Shipped,PayPal,Alipay,15132916653,Hai Nan Sheng Chang Chun Shi Shuang Luan Tai Yuan Lu O Zuo  529390
PWPEBFPF5184733731783,Gao Yu Hua,iPhone/13 Pro/Blue/64GB,7,131895,923265,AUTUMN5,877101.75,131565.26249999998,2023-03-12 00:00:00,Failed,Shipped,Bank Transfer,MasterCard,13005402132,Gan Su Sheng Nan Jing Shi Cheng Dong Li Jie G Zuo  316579
CGPC8JOU7184733731962,Nie Chun Mei,Huawei/P40/Black/254GB,6,70088,420528,SPRING20,336422.4,50463.36,2023-03-12 00:00:00,Pending,In Transit,Debit Card,WeChat Pay,15856285507,Shang Hai Shi Zhang Jia Gang Shi Xu Hui Yin Chuan Lu N Zuo  168116
SO0YWKUFY184733732137,Chen Feng Ying,iPhone/13/Red/128GB,1,64174,64174,FESTIVE30,44921.799999999996,6738.2699999999995,2023-03-12 00:00:00,Paid,Pending,PayPal,Visa,18143737878,Guang Dong Sheng Hui Zhou Xian Long Tan Ji Nan Jie G Zuo  676702
ZB2LXRC1Y184733732308,Cui Hai Yan,Oppo/Reno5/White/64GB,10,74278,742780,SPRING20,594224.0,89133.59999999999,2023-03-12 00:00:00,Failed,In Transit,Debit Card,Visa,18591328590,Xiang Gang Te Bie Xing Zheng Qu Guang Zhou Xian Xun Yang Zhang Lu J Zuo  259607
GG8EVS0U6184733732508,Xue Xiu Yun,Xiaomi/Mi 11/Black/128GB,6,108213,649278,WINTER10,584350.2000000001,87652.53000000001,2023-03-12 00:00:00,Pending,Delivered,PayPal,WeChat Pay,13800004108,Shan Xi Sheng Ting Ting Shi Xiao Nan Li Jie T Zuo  602126
B9PZ2G3OZ184733732684,Li Yan,iPhone/13/Red/1TB,10,127426,1274260,WINTER10,1146834.0,172025.1,2023-03-12 00:00:00,Paid,In Transit,Debit Card,MasterCard,13186660790,Guang Xi Zhuang Zu Zi Zhi Qu Gui Ying Shi Zhao Yang Huai An Jie U Zuo  949239
8HFAVNH3Y184733732913,Yang Jia,iPhone/13 Pro/Red/32GB,7,67082,469574,NEWYEAR25,352180.5,52827.075,2023-03-12 00:00:00,Failed,Delivered,Bank Transfer,WeChat Pay,18105343387,Ning Xia Hui Zu Zi Zhi Qu Wei Shi Yong Chuan Zhang Jie E Zuo  186697
I276R4HK8184733733119,Chang Ning,Oppo/Reno5/Red/32GB,10,85328,853280,WINTER10,767952.0,115192.8,2023-03-12 00:00:00,Pending,Delivered,Credit Card,American Express,18298701822,Hai Nan Sheng Xu Shi Gao Ping Ha Er Bin Jie Z Zuo  883739
SNOQT49Z6184733733295,Wang Gang,Vivo/X60/Black/1TB,3,99370,298110,WINTER10,268299.0,40244.85,2023-03-12 00:00:00,Paid,In Transit,Debit Card,MasterCard,15720998276,Gan Su Sheng Ying Shi Bi Shan Tan Lu P Zuo  829059
IL9VEMFNG184733733466,Meng Lan Ying,Vivo/X60/Red/254GB,8,125060,1000480,WINTER10,900432.0,135064.8,2023-03-12 00:00:00,Pending,Pending,PayPal,Alipay,18049167231,Hai Nan Sheng Han Dan Xian Da Dong Fu Xin Lu B Zuo  620075
MPVUW60F5184733733636,Han Jun,OnePlus/9/Red/254GB,7,134743,943201,NEWYEAR25,707400.75,106110.1125,2023-03-12 00:00:00,Failed,Pending,Bank Transfer,MasterCard,18878276708,Shang Hai Shi Bing Shi Xing Shan Wu Han Lu S Zuo  266404
TU6IJO0KT184733733796,Li Yu Mei,Xiaomi/Mi 11/Purple/32GB,9,75337,678033,AUTUMN5,644131.35,96619.7025,2023-03-12 00:00:00,Failed,Shipped,Credit Card,American Express,13658267982,Xi Zang Zi Zhi Qu Yu Shi Zi Chuan Zou Lu Q Zuo  692510
7PW4KRITC184733733983,Deng Fang,OnePlus/9/Purple/32GB,3,65959,197877,WINTER10,178089.30000000002,26713.395,2023-03-12 00:00:00,Pending,Delivered,Credit Card,Visa,14713141056,Jiang Su Sheng Yu Xian Xu Hui Wang Jie Y Zuo  674527
0T9TP02A9184733734152,Chen Wen,Vivo/X60/Purple/64GB,3,123229,369687,FESTIVE30,258780.9,38817.134999999995,2023-03-12 00:00:00,Failed,Delivered,Credit Card,Alipay,13136799521,Si Chuan Sheng Tai Bei Xian Bin Cheng Zhao Jie A Zuo  175271
KEY3ICIOM184733734323,Chen Gui Hua,Galaxy/S21/White/1TB,1,128006,128006,AUTUMN5,121605.7,18240.855,2023-03-12 00:00:00,Pending,Pending,Bank Transfer,PayPal,14519748965,Yun Nan Sheng Xing An Meng Shi Xi Feng Chang Sha Jie C Zuo  857285
11A1KOG2J184733734495,Zhang Bo,Vivo/X60/Red/1TB,10,68040,680400,NEWYEAR25,510300.0,76545.0,2023-03-12 00:00:00,Failed,Delivered,Bank Transfer,MasterCard,15232255415,Gan Su Sheng He Fei Shi Fang Shan Hui Zhou Jie Q Zuo  414643
30SINY0DG184733734659,Zhang Hong Mei,Huawei/P40/Blue/32GB,9,126390,1137510,SUMMER15,966883.5,145032.525,2023-03-12 00:00:00,Failed,Delivered,Credit Card,Alipay,13777368240,Zhe Jiang Sheng Xing Cheng Shi Gao Ming Yang Lu U Zuo  442447
DE7WBWC8O184733734838,Tong Wei,OnePlus/9/White/32GB,1,66743,66743,WINTER10,60068.700000000004,9010.305,2023-03-12 00:00:00,Failed,In Transit,PayPal,PayPal,15002281370,Nei Meng Gu Zi Zhi Qu Tian Jin Shi Men Tou Gou Xin Ji Lu A Zuo  407858
R62K3Z33P184733735027,Wang Bing,Oppo/Reno5/Black/64GB,9,54870,493830,NEWYEAR25,370372.5,55555.875,2023-03-12 00:00:00,Pending,Shipped,Bank Transfer,Alipay,14540049222,Hu Bei Sheng Huan Shi Xi Shan Liu Zhou Lu A Zuo  652348
YFZN7SLBH184733735185,Liu Hai Yan,Huawei/P40/Black/32GB,3,58493,175479,FESTIVE30,122835.29999999999,18425.295,2023-03-12 00:00:00,Pending,Pending,Bank Transfer,PayPal,13323154548,Liao Ning Sheng Hai Men Xian Hua Xi Cai Jie E Zuo  307328
TTJQHHK97184733735364,Hu Qian,Vivo/X60/Black/64GB,5,92565,462825,SPRING20,370260.0,55539.0,2023-03-12 00:00:00,Failed,Shipped,PayPal,MasterCard,13820058908,Chong Qing Shi Chong Qing Xian Pu Tuo Qiao Lu A Zuo  841991
WFL5633F6184733735539,Huang Xia,iPhone/13/Black/128GB,2,63691,127382,WINTER10,114643.8,17196.57,2023-03-12 00:00:00,Pending,In Transit,PayPal,Alipay,18523147411,Hu Nan Sheng Li Shi Bi Shan Dai Jie Y Zuo  524273
8KQZQPRNH184733735710,Liang Xiu Zhen,OnePlus/9/Red/1TB,8,148586,1188688,NEWYEAR25,891516.0,133727.4,2023-03-12 00:00:00,Paid,In Transit,Debit Card,PayPal,18527759247,Hu Bei Sheng Lan Ying Xian Nan Hu Chao Zhou Lu B Zuo  780914
HJGBLFTZN184733735881,Zhong Ming,iPhone/13/Black/128GB,6,65984,395904,SPRING20,316723.2,47508.48,2023-03-12 00:00:00,Failed,Shipped,Credit Card,MasterCard,18845462128,Tian Jin Shi Wu Lu Mu Qi Xian He Chuan Huang Lu W Zuo  203410
5E83WAZW8184733736062,Jiang Liang,OnePlus/9/Purple/64GB,1,52330,52330,FESTIVE30,36631.0,5494.65,2023-03-12 00:00:00,Failed,Pending,Credit Card,PayPal,15235290787,Hu Bei Sheng Xiao Hong Shi Huang Pu Bei Zhen Lu O Zuo  187539
M0PVFH6U6184733736224,Wei Bin,Galaxy/S21/Red/254GB,1,139190,139190,SPRING20,111352.0,16702.8,2023-03-12 00:00:00,Failed,Delivered,Credit Card,WeChat Pay,18618133318,Ji Lin Sheng Xing Cheng Xian Qing Cheng Hai Men Jie Z Zuo  956483
ICKXIL4EJ184733736384,Diao Qin,Vivo/X60/Red/254GB,7,135590,949130,FESTIVE30,664391.0,99658.65,2023-03-12 00:00:00,Paid,Shipped,Credit Card,Visa,18762885981,He Bei Sheng Jian Ping Shi Shan Ting Zhang Jie O Zuo  499495
U6HID0FWM184733736558,Lai Gang,Huawei/P40/Red/64GB,7,69721,488047,FESTIVE30,341632.89999999997,51244.93499999999,2023-03-12 00:00:00,Pending,Delivered,PayPal,PayPal,15546773787,He Nan Sheng Jing Men Shi Xu Hui Kun Ming Jie L Zuo  401863
X2A55N570184733736721,Ma Gui Zhen,Galaxy/S21/White/32GB,10,112964,1129640,FESTIVE30,790748.0,118612.2,2023-03-12 00:00:00,Paid,In Transit,PayPal,American Express,15593079177,Zhe Jiang Sheng Zhi Qiang Xian Liu Zhi Te Guo Lu M Zuo  425612
FCH9GW851184733736905,Zhang Jie,iPhone/13/Purple/254GB,3,53421,160263,WINTER10,144236.7,21635.505,2023-03-12 00:00:00,Failed,Shipped,Bank Transfer,PayPal,15394973154,Hei Long Jiang Sheng Hong Xian Bi Shan Guang Zhou Lu I Zuo  975227
HAN6KOZTU184733737067,Luo Tao,Vivo/X60/Black/64GB,4,54214,216856,SPRING20,173484.80000000002,26022.72,2023-03-12 00:00:00,Paid,Pending,PayPal,American Express,18959215957,Xi Zang Zi Zhi Qu Xue Xian Qing He Shen Yang Lu R Zuo  492822
IWVQEN5V1184733737233,Guo Jia,Huawei/P40/Red/254GB,9,104818,943362,WINTER10,849025.8,127353.87,2023-03-12 00:00:00,Paid,In Transit,PayPal,American Express,13686822236,Chong Qing Shi Xiu Mei Xian Hua Xi Deng Lu M Zuo  863519
Z4OWTJMLH184733737403,Xiong Shuai,Oppo/Reno5/White/64GB,7,131580,921060,NEWYEAR25,690795.0,103619.25,2023-03-12 00:00:00,Pending,Pending,Debit Card,Alipay,14578517832,Shang Hai Shi Fu Zhou Xian Cheng Dong La Sa Lu C Zuo  825209
TYAR52TVS184733737564,Zhang Juan,Vivo/X60/White/8GB,9,91921,827289,SUMMER15,703195.65,105479.3475,2023-03-12 00:00:00,Failed,Delivered,Debit Card,Alipay,18877635184,Shan Xi Sheng Ao Men Shi Fang Shan Wang Jie U Zuo  218248
6COTJTO0A184733737735,Zhang Kai,Galaxy/S21/White/32GB,4,112408,449632,WINTER10,404668.8,60700.31999999999,2023-03-12 00:00:00,Failed,Delivered,Credit Card,WeChat Pay,18251477162,Shan Dong Sheng Shu Zhen Shi An Ci Xi Ning Jie X Zuo  980682
D9ZTWFU4M184733737894,Wang Ying,Oppo/Reno5/Red/64GB,1,102288,102288,SPRING20,81830.40000000001,12274.560000000001,2023-03-12 00:00:00,Paid,In Transit,Bank Transfer,WeChat Pay,14560146494,Fu Jian Sheng Tao Shi Liu Zhi Te Xing Cheng Lu Y Zuo  988408
0GYRIF6YB184733738051,Leng Ting,Xiaomi/Mi 11/Blue/128GB,6,148170,889020,SUMMER15,755667.0,113350.05,2023-03-12 00:00:00,Paid,Pending,Debit Card,PayPal,18176799093,Si Chuan Sheng Guan Ling Xian Shen He Chen Jie G Zuo  345481
IRR9XCD5X184733738221,Zhao Ying,Vivo/X60/Purple/32GB,2,146189,292378,WINTER10,263140.2,39471.03,2023-03-12 00:00:00,Paid,Delivered,Bank Transfer,PayPal,15223548509,Gan Su Sheng Jia He Xian Min Xing Sun Jie S Zuo  401018
3CEO8FA8E184733738393,Fu Yong,Xiaomi/Mi 11/Purple/1TB,9,127386,1146474,WINTER10,1031826.6,154773.99,2023-03-12 00:00:00,Paid,Shipped,Bank Transfer,Visa,14550746011,Xiang Gang Te Bie Xing Zheng Qu Hong Mei Xian Shuang Luan Yan Lu S Zuo  851335
M6V24OS1A184733738586,He Gui Lan,OnePlus/9/Blue/64GB,4,62538,250152,SPRING20,200121.6,30018.239999999998,2023-03-12 00:00:00,Pending,In Transit,Bank Transfer,MasterCard,18681140077,He Bei Sheng Wu Zhou Shi Xi Feng Jia He Jie H Zuo  802875
13I6X2IF6184733738748,Jin Lin,Xiaomi/Mi 11/Black/128GB,3,149243,447729,WINTER10,402956.10000000003,60443.415,2023-03-12 00:00:00,Failed,Shipped,Credit Card,PayPal,15781478068,Fu Jian Sheng Fu Zhou Shi Xiao Nan Ao Men Jie I Zuo  941730
ID9SCFD84184733738904,Li Yong,Oppo/Reno5/White/8GB,3,138751,416253,FESTIVE30,291377.1,43706.564999999995,2023-03-12 00:00:00,Pending,Delivered,PayPal,Visa,15390379962,Gui Zhou Sheng Liang Xian Zhao Yang You Jie H Zuo  297632
XP8LBHBFP184733739073,Wang Yu Mei,iPhone/13 Pro/Black/64GB,9,68528,616752,WINTER10,555076.8,83261.52,2023-03-12 00:00:00,Failed,Shipped,Bank Transfer,WeChat Pay,15694269233,Qing Hai Sheng Yang Shi Mu Ye Zhu Lu E Zuo  465575
REV9MLZGI184733739245,Li Hong,OnePlus/9/Blue/1TB,6,128784,772704,AUTUMN5,734068.7999999999,110110.31999999999,2023-03-12 00:00:00,Pending,Delivered,Bank Transfer,WeChat Pay,18836467377,Hu Nan Sheng Fu Zhou Xian Xu Hui He Fei Lu Z Zuo  765263
I0UOIZVGD184733739404,Sheng Ping,Galaxy/S21/Red/8GB,9,79856,718704,WINTER10,646833.6,97025.04,2023-03-12 00:00:00,Pending,Shipped,Bank Transfer,MasterCard,13668449273,Xin Jiang Wei Wu Er Zi Zhi Qu Shan Wei Shi Min Xing Chen Jie Q Zuo  242546
SZB5YE0L0184733739597,Xia Xiu Lan,Vivo/X60/Blue/1TB,9,110837,997533,WINTER10,897779.7000000001,134666.95500000002,2023-03-12 00:00:00,Paid,In Transit,Credit Card,Alipay,18035187858,Qing Hai Sheng Wu Han Shi Qing He Zhou Jie B Zuo  354254
0QZTI4W4R184733739774,Ma Xiu Lan,Oppo/Reno5/Blue/128GB,8,125597,1004776,NEWYEAR25,753582.0,113037.3,2023-03-12 00:00:00,Pending,Shipped,Credit Card,WeChat Pay,15985930863,Qing Hai Sheng Lin Shi Xiu Ying Wang Jie V Zuo  734550
G1C20KDYV184733739941,Zhong Yun,Oppo/Reno5/Blue/8GB,10,102034,1020340,WINTER10,918306.0,137745.9,2023-03-12 00:00:00,Failed,Pending,PayPal,Alipay,15797039443,Gui Zhou Sheng Li Xian Bin Cheng Xing Lu L Zuo  188004
E87TZHPM9184733740104,Yao Jian,iPhone/13/Blue/254GB,2,133247,266494,WINTER10,239844.6,35976.69,2023-03-12 00:00:00,Paid,Shipped,PayPal,Alipay,14535260884,Jiang Su Sheng Chao Shi Chang Shou Qian Jiang Jie L Zuo  915992
DJ7GL3LPH184733740257,Huang Feng Ying,Xiaomi/Mi 11/Blue/254GB,4,50008,200032,SUMMER15,170027.19999999998,25504.079999999998,2023-03-12 00:00:00,Failed,Delivered,Debit Card,Alipay,13243583637,Ning Xia Hui Zu Zi Zhi Qu Wen Shi Huang Pu Guan Ling Jie O Zuo  146103
ZNWP2PRVF184733740437,Wu Hong Xia,OnePlus/9/Black/254GB,4,100238,400952,AUTUMN5,380904.39999999997,57135.659999999996,2023-03-12 00:00:00,Pending,Shipped,Bank Transfer,American Express,13436489605,Gui Zhou Sheng Wu Lu Mu Qi Xian He Chuan Miao Lu H Zuo  278160
LBXFHR1LA184733740621,Yi Kun,iPhone/13/Purple/8GB,7,100058,700406,AUTUMN5,665385.7,99807.855,2023-03-12 00:00:00,Paid,Shipped,Credit Card,Alipay,15242447971,Ji Lin Sheng Hao Shi Shan Ting Yao Lu K Zuo  648385
THRV50RPL184733740786,Song Dong Mei,Vivo/X60/White/64GB,10,104577,1045770,NEWYEAR25,784327.5,117649.125,2023-03-12 00:00:00,Failed,Delivered,PayPal,Alipay,18787324532,Xi Zang Zi Zhi Qu Dan Dan Shi Xiang An Zhang Jie L Zuo  766670
YSIGQ0THD184733740976,Yang Yan,OnePlus/9/Black/254GB,10,63998,639980,AUTUMN5,607981.0,91197.15,2023-03-12 00:00:00,Failed,In Transit,Credit Card,Visa,15997137609,Xin Jiang Wei Wu Er Zi Zhi Qu Shan Wei Shi Zhao Yang Huang Jie U Zuo  235346
HYZATRWVC184733741162,Zhang Yan,Vivo/X60/White/32GB,3,84631,253893,NEWYEAR25,190419.75,28562.962499999998,2023-03-12 00:00:00,Failed,Delivered,PayPal,MasterCard,18084538075,Liao Ning Sheng Han Dan Shi Qing Pu Hou Jie P Zuo  352872
GQS2VS4DK184733741333,Hu Hong Xia,Xiaomi/Mi 11/Purple/64GB,1,90286,90286,WINTER10,81257.40000000001,12188.61,2023-03-12 00:00:00,Failed,Shipped,Bank Transfer,PayPal,18647053974,Shan Xi Sheng Qian Xian Long Tan Liang Jie N Zuo  232225
0FEXT4Y1A184733741503,Guo Xin,Galaxy/S21/Blue/32GB,7,62183,435281,AUTUMN5,413516.94999999995,62027.54249999999,2023-03-12 00:00:00,Pending,Pending,Bank Transfer,MasterCard,14572842941,Gan Su Sheng Bo Xian Zhang Shou Bei Zhen Lu V Zuo  477790
FAYIDHTOZ184733741658,Lv Yu Lan,iPhone/13 Pro/Black/32GB,5,53934,269670,NEWYEAR25,202252.5,30337.875,2023-03-12 00:00:00,Paid,In Transit,PayPal,MasterCard,13042209885,Hu Nan Sheng Yu Ying Xian Nan Zhang Shen Zhen Jie B Zuo  799960
MLI8ZZBR7184733741826,Deng Zhi Qiang,Galaxy/S21/Blue/8GB,1,109663,109663,SUMMER15,93213.55,13982.0325,2023-03-12 00:00:00,Paid,In Transit,PayPal,MasterCard,13147724530,Qing Hai Sheng Chao Shi Zhao Yang Liang Lu U Zuo  827456
90DKOLD77184733742003,Liu Shu Zhen,Huawei/P40/White/1TB,5,86694,433470,AUTUMN5,411796.5,61769.475,2023-03-12 00:00:00,Pending,Shipped,Bank Transfer,PayPal,13629427178,Ao Men Te Bie Xing Zheng Qu Jian Ping Xian Hai Ling Zhang Jie I Zuo  901196
6720YSA8D184733742204,Liu Qiang,Galaxy/S21/White/1TB,1,128701,128701,SUMMER15,109395.84999999999,16409.3775,2023-03-12 00:00:00,Failed,Shipped,PayPal,Alipay,15703732745,Jiang Su Sheng Zhi Qiang Xian Wei Dou Liu Pan Shui Lu C Zuo  684161
VO5KJXOVZ184733742371,Liang Kun,iPhone/13/Blue/1TB,1,52659,52659,FESTIVE30,36861.299999999996,5529.194999999999,2023-03-12 00:00:00,Paid,Shipped,Bank Transfer,Alipay,18901864583,An Hui Sheng Jian Shi Xu Hui He Fei Jie M Zuo  886169
D2X2UMG3B184733742524,Xie Jing,Xiaomi/Mi 11/Purple/128GB,9,138250,1244250,AUTUMN5,1182037.5,177305.625,2023-03-12 00:00:00,Paid,Pending,PayPal,PayPal,18286437517,Ji Lin Sheng Dong Mei Shi Yong Chuan Gui Yang Jie G Zuo  766800
1NVGACTKZ184733742682,Shen Jie,OnePlus/9/Black/32GB,10,139738,1397380,NEWYEAR25,1048035.0,157205.25,2023-03-12 00:00:00,Failed,Pending,Credit Card,American Express,18062438322,Jiang Su Sheng Gui Fang Xian Xi Feng Zhao Jie L Zuo  349729
W2RY4MKQ1184733742853,Li Yong,iPhone/13 Pro/Black/64GB,4,94085,376340,FESTIVE30,263438.0,39515.7,2023-03-12 00:00:00,Paid,Delivered,Debit Card,WeChat Pay,13836641892,Qing Hai Sheng Fan Xian Ping Shan Meng Jie W Zuo  106779
BJAJEZ24W184733743017,Huang Yu Mei,Vivo/X60/Black/1TB,3,98594,295782,SPRING20,236625.6,35493.84,2023-03-12 00:00:00,Paid,Delivered,Debit Card,WeChat Pay,18738099191,An Hui Sheng Chao Hu Shi Xiao Shan Hong Jie G Zuo  850630
HE2YUH20G184733743190,Zhou Ting,Huawei/P40/Red/8GB,8,93670,749360,NEWYEAR25,562020.0,84303.0,2023-03-12 00:00:00,Pending,Shipped,Credit Card,Alipay,13427696201,He Nan Sheng Lu Xian Hua Long Wu Han Lu G Zuo  182416
XWN2F7IXU184733743346,Xue Yu Zhen,Oppo/Reno5/Purple/32GB,1,148892,148892,WINTER10,134002.80000000002,20100.420000000002,2023-03-12 00:00:00,Paid,Pending,Credit Card,Visa,15518189767,Guang Dong Sheng Zhi Qiang Xian Shen He Yi Dou Lu C Zuo  223150
RCPAC43O8184733743513,Liu Xiao Hong,Huawei/P40/Red/1TB,8,115323,922584,FESTIVE30,645808.7999999999,96871.31999999999,2023-03-12 00:00:00,Paid,In Transit,Bank Transfer,WeChat Pay,14746334194,He Nan Sheng Hang Zhou Xian Zhang Shou Ju Lu I Zuo  407991
TPIM501SO184733743688,Lu Fang,Galaxy/S21/Purple/8GB,6,101942,611652,SPRING20,489321.60000000003,73398.24,2023-03-12 00:00:00,Failed,Delivered,Credit Card,Visa,13573632427,Fu Jian Sheng Xi An Shi Sha Wan Liu Pan Shui Lu S Zuo  853869
Q35WQDPIT184733743851,Yang Yu Ying,Huawei/P40/Purple/8GB,5,148033,740165,SPRING20,592132.0,88819.8,2023-03-12 00:00:00,Paid,Delivered,Debit Card,Alipay,13376519272,Hei Long Jiang Sheng Gang Xian Gao Ping Lv Lu L Zuo  631409
3QETQ8A28184733744024,Liu Kun,Vivo/X60/Red/254GB,4,103432,413728,NEWYEAR25,310296.0,46544.4,2023-03-12 00:00:00,Failed,In Transit,Debit Card,MasterCard,14740372611,Ning Xia Hui Zu Zi Zhi Qu Ha Er Bin Shi An Ci Wang Lu S Zuo  732170
J12WWL27B184733744215,Wang Chang,OnePlus/9/White/1TB,5,129102,645510,NEWYEAR25,484132.5,72619.875,2023-03-12 00:00:00,Paid,In Transit,Credit Card,WeChat Pay,18542835761,Guang Xi Zhuang Zu Zi Zhi Qu Shi Jia Zhuang Shi Xi Shan Xie Lu Z Zuo  168362
FTDDA82G5184733744410,Yin Jian Hua,Oppo/Reno5/White/64GB,7,123770,866390,NEWYEAR25,649792.5,97468.875,2023-03-12 00:00:00,Pending,Delivered,Debit Card,Visa,13405296585,Hu Bei Sheng La Sa Shi Nan Xi Hai Men Lu M Zuo  100540
Z6XJ40R4M184733744575,Luo Ying,Huawei/P40/Black/8GB,7,82229,575603,NEWYEAR25,431702.25,64755.337499999994,2023-03-12 00:00:00,Paid,Delivered,Debit Card,American Express,13445207806,Liao Ning Sheng Xing Cheng Shi Yong Chuan Liu Zhou Lu G Zuo  720600
XV7JQ18U4184733744735,Cao Jian Jun,Oppo/Reno5/Black/64GB,9,99915,899235,NEWYEAR25,674426.25,101163.9375,2023-03-12 00:00:00,Paid,Shipped,Credit Card,PayPal,15695407393,Xiang Gang Te Bie Xing Zheng Qu Tai Yuan Shi Mu Ye He Lu M Zuo  667034
70O7YDS52184733744930,Liu Bo,iPhone/13/Black/254GB,5,84146,420730,SPRING20,336584.0,50487.6,2023-03-12 00:00:00,Failed,Pending,Bank Transfer,PayPal,18027648094,Hai Nan Sheng Hai Men Xian Da Xing Shi Lu M Zuo  444195
P2N53PGFZ184733745100,Tian Jian,Xiaomi/Mi 11/Red/8GB,2,127246,254492,SUMMER15,216318.19999999998,32447.729999999996,2023-03-12 00:00:00,Paid,Delivered,Debit Card,American Express,18831374415,Yun Nan Sheng Nan Shi Qing Pu Guan Ling Jie X Zuo  234443
UQP4UPUJC184733745253,Ren Jun,Vivo/X60/White/1TB,9,100000,900000,WINTER10,810000.0,121500.0,2023-03-12 00:00:00,Failed,Shipped,Debit Card,WeChat Pay,13801232674,Hu Bei Sheng Hua Xian Feng Dou Ma An Shan Lu Q Zuo  332058
YUYA7Q0CC184733745415,Huang Chao,Oppo/Reno5/White/254GB,2,84638,169276,FESTIVE30,118493.2,17773.98,2023-03-12 00:00:00,Pending,Shipped,Debit Card,WeChat Pay,18268578062,Bei Jing Shi Li Hua Shi Hua Xi Xin Ji Jie T Zuo  121720
OK6XB6NXU184733745575,Wang Li Juan,Xiaomi/Mi 11/Black/8GB,7,64120,448840,AUTUMN5,426398.0,63959.7,2023-03-12 00:00:00,Failed,Shipped,Debit Card,Alipay,15269384775,Hu Nan Sheng Yu Xian Shen Bei Xin Fo Shan Jie H Zuo  496698
9BJZACEV6184733745739,Meng Ning,Galaxy/S21/Red/128GB,5,73098,365490,AUTUMN5,347215.5,52082.325,2023-03-12 00:00:00,Failed,Pending,Bank Transfer,Visa,18242178429,Guang Dong Sheng Huan Xian Hai Gang Zhang Jia Gang Lu V Zuo  902457
W4MS7SKXA184733745903,Wang Ping,Galaxy/S21/White/1TB,7,91111,637777,AUTUMN5,605888.15,90883.2225,2023-03-12 00:00:00,Paid,In Transit,Debit Card,Visa,15339584558,Nei Meng Gu Zi Zhi Qu Fo Shan Xian He Ping Guan Ling Jie B Zuo  127074
3LDOPAOT2184733746081,Zhao Lei,Oppo/Reno5/Blue/128GB,6,81165,486990,NEWYEAR25,365242.5,54786.375,2023-03-12 00:00:00,Paid,Shipped,PayPal,WeChat Pay,15500060272,He Nan Sheng Jing Men Shi Pu Tuo Dong Guan Lu J Zuo  440424
XXF3BYNOH184733746251,Long Xiu Hua,Galaxy/S21/White/64GB,3,138938,416814,FESTIVE30,291769.8,43765.469999999994,2023-03-12 00:00:00,Paid,In Transit,Bank Transfer,WeChat Pay,13403551967,Guang Xi Zhuang Zu Zi Zhi Qu Shang Hai Xian Nan Zhang Zhao Lu I Zuo  361826
968G27DWA184733746447,Peng Xiu Ying,Vivo/X60/Blue/32GB,7,100915,706405,SUMMER15,600444.25,90066.6375,2023-03-12 00:00:00,Paid,Delivered,PayPal,American Express,15144764463,Fu Jian Sheng Qiang Shi Shen He Jia Lu R Zuo  306796
QWEVRIVNT184733746618,Lu Tao,Galaxy/S21/Black/1TB,10,79509,795090,FESTIVE30,556563.0,83484.45,2023-03-12 00:00:00,Paid,In Transit,Credit Card,Alipay,13885635335,Yun Nan Sheng Dong Guan Shi Qing Cheng Chang Sha Lu V Zuo  884350
8HXUK5J33184733746777,Wang Xin,iPhone/13 Pro/Black/32GB,9,85595,770355,SUMMER15,654801.75,98220.2625,2023-03-12 00:00:00,Paid,Delivered,Credit Card,PayPal,18057337087,Xin Jiang Wei Wu Er Zi Zhi Qu Xin Ji Xian Xin Cheng Li Jie W Zuo  236821
A9L3SLZCY184733746963,Ou Yang Li Hua,OnePlus/9/Purple/254GB,7,82902,580314,SPRING20,464251.2,69637.68,2023-03-12 00:00:00,Pending,In Transit,Credit Card,MasterCard,18753876941,Tai Wan Sheng Yan Shi Sha Wan Fu Xin Lu M Zuo  893092
UZJOZZMX2184733747129,Luo Yu,iPhone/13 Pro/Blue/128GB,6,74961,449766,AUTUMN5,427277.69999999995,64091.65499999999,2023-03-12 00:00:00,Pending,Delivered,Debit Card,PayPal,18117336565,Chong Qing Shi Yin Chuan Shi Jing An Hai Men Lu E Zuo  400541
AFZJCAUYC184733747290,Tian Na,Xiaomi/Mi 11/Purple/254GB,4,64365,257460,WINTER10,231714.0,34757.1,2023-03-12 00:00:00,Paid,In Transit,Debit Card,PayPal,14505550092,Gui Zhou Sheng Hui Shi Huai Rou Yang Lu Z Zuo  680649
DNZ86W0UZ184733747454,Zhang Liang,Galaxy/S21/Red/128GB,1,65261,65261,NEWYEAR25,48945.75,7341.8625,2023-03-12 00:00:00,Pending,Delivered,Debit Card,WeChat Pay,13276583008,Yun Nan Sheng Liao Yang Shi Zhang Shou Shan Wei Jie T Zuo  289267
BVHM5XIA7184733747610,Wang Jian Jun,iPhone/13 Pro/White/64GB,7,118011,826077,WINTER10,743469.3,111520.395,2023-03-12 00:00:00,Pending,Pending,Debit Card,Visa,13619462144,Gui Zhou Sheng Ma An Shan Shi Nan Hu Da Ye Lu J Zuo  644928
MB9Y672ZZ184733747776,Yin Yun,iPhone/13 Pro/Black/64GB,7,91630,641410,AUTUMN5,609339.5,91400.925,2023-03-12 00:00:00,Pending,Delivered,PayPal,American Express,13004942570,Guang Xi Zhuang Zu Zi Zhi Qu Ting Shi Feng Dou Chang Jie P Zuo  976001
XB0GMAQYU184733747958,Cai Cheng,Oppo/Reno5/Blue/128GB,9,62940,566460,SPRING20,453168.0,67975.2,2023-03-12 00:00:00,Failed,Shipped,Credit Card,Visa,15332104068,Shang Hai Shi Tai Bei Shi Cheng Bei Ni Jie K Zuo  102688
5UQRNWQY3184733748127,Guan Yu Ying,Galaxy/S21/White/254GB,10,119879,1198790,SPRING20,959032.0,143854.8,2023-03-12 00:00:00,Paid,In Transit,Debit Card,Visa,15600304429,Guang Xi Zhuang Zu Zi Zhi Qu Tai Bei Shi Qing Cheng Fo Shan Jie G Zuo  110093
PWF87R4K0184733748311,Li Gui Zhen,Huawei/P40/Red/128GB,8,123666,989328,AUTUMN5,939861.6,140979.24,2023-03-12 00:00:00,Paid,Shipped,Credit Card,PayPal,13793925044,Xi Zang Zi Zhi Qu Lei Shi An Ci Jin Jie G Zuo  363235
PBVSZ1ARD184733748492,Gao Chen,Vivo/X60/Blue/8GB,3,91874,275622,AUTUMN5,261840.9,39276.134999999995,2023-03-12 00:00:00,Pending,Pending,PayPal,Alipay,18256588201,Fu Jian Sheng Ping Xian Ji Qu Ceng Jie T Zuo  149196
KBROYVK6P184733748655,Zhang Rui,iPhone/13 Pro/Purple/254GB,8,126735,1013880,FESTIVE30,709716.0,106457.4,2023-03-12 00:00:00,Paid,Shipped,Bank Transfer,MasterCard,14578085229,Ao Men Te Bie Xing Zheng Qu Guan Ling Shi Xing Shan Ma An Shan Jie Y Zuo  172129
E24QLV23C184733748837,Dai Xiu Ying,Oppo/Reno5/Black/8GB,6,77605,465630,FESTIVE30,325941.0,48891.15,2023-03-12 00:00:00,Failed,Pending,Bank Transfer,Alipay,13540130363,Zhe Jiang Sheng He Fei Xian Zi Chuan Tai Yuan Lu G Zuo  549906
5TZAOF7XN184733748999,Yan Ping,Galaxy/S21/Blue/32GB,6,137349,824094,WINTER10,741684.6,111252.68999999999,2023-03-12 00:00:00,Failed,Pending,Credit Card,American Express,13590389045,Si Chuan Sheng Ha Er Bin Xian Ping Shan Liu Lu Z Zuo  360868
CLU5QYP7O184733749172,Ye Gui Xiang,iPhone/13/White/8GB,8,90064,720512,SUMMER15,612435.2,91865.27999999998,2023-03-12 00:00:00,Pending,In Transit,Debit Card,American Express,15963106438,Qing Hai Sheng Xiu Yun Shi Huang Pu Wen Lu W Zuo  411592
I7RT5YQC3184733749345,Zhu Jian Hua,Huawei/P40/White/32GB,2,118670,237340,WINTER10,213606.0,32040.899999999998,2023-03-12 00:00:00,Paid,Shipped,Credit Card,MasterCard,18159850712,Bei Jing Shi Bei Zhen Xian Ji Qu Shen Zhen Jie E Zuo  545945
3J8R811DE184733749505,Guo Chen,OnePlus/9/Black/64GB,6,109514,657084,NEWYEAR25,492813.0,73921.95,2023-03-12 00:00:00,Paid,In Transit,Bank Transfer,PayPal,13211042074,Liao Ning Sheng Qian Jiang Xian Zhao Yang Tai Bei Jie P Zuo  539408
J1O92WEWB184733749664,Chen Jin Feng,Xiaomi/Mi 11/Blue/254GB,2,129341,258682,SUMMER15,219879.69999999998,32981.954999999994,2023-03-12 00:00:00,Pending,Delivered,Bank Transfer,Alipay,15318651444,Jiang Xi Sheng Fu Xin Xian Dong Li Ceng Lu H Zuo  944631
52IY9I1WB184733749839,Wang Yan,Oppo/Reno5/Black/128GB,3,116568,349704,SPRING20,279763.2,41964.48,2023-03-12 00:00:00,Pending,In Transit,Credit Card,MasterCard,13640532384,Bei Jing Shi Ying Shi Xun Yang Xiao Lu V Zuo  836709
V1EA4B6JU184733750002,Wang Jian Guo,Galaxy/S21/Black/64GB,2,91379,182758,SPRING20,146206.4,21930.96,2023-03-12 00:00:00,Pending,Pending,Debit Card,Visa,15178785347,Jiang Xi Sheng Rui Shi Nan Hu Tai Yuan Lu T Zuo  418922
W0M2Q19GQ184733750162,Ju Mei,Xiaomi/Mi 11/White/32GB,2,51662,103324,SUMMER15,87825.4,13173.81,2023-03-12 00:00:00,Pending,Pending,Debit Card,MasterCard,18092502075,Shang Hai Shi Li Hua Xian Xiao Shan Wang Lu A Zuo  512841
AB1T74SX1184733750331,Hu Feng Lan,Xiaomi/Mi 11/Blue/1TB,4,103751,415004,AUTUMN5,394253.8,59138.06999999999,2023-03-12 00:00:00,Failed,In Transit,Debit Card,WeChat Pay,13344633097,Tian Jin Shi Han Dan Shi Wei Dou Nan Jing Jie J Zuo  613896
IRHBI9Z9V184733750494,Liu Yu,Huawei/P40/Black/254GB,5,78039,390195,NEWYEAR25,292646.25,43896.9375,2023-03-12 00:00:00,Paid,Delivered,Bank Transfer,Alipay,15678905942,Nei Meng Gu Zi Zhi Qu Lu An Shi Liu Zhi Te Chen Jie O Zuo  377504
EY3C0V68X184733750683,Zhang Yu Zhen,Huawei/P40/Purple/8GB,9,137323,1235907,FESTIVE30,865134.8999999999,129770.23499999999,2023-03-12 00:00:00,Failed,In Transit,Bank Transfer,PayPal,15994064225,Ji Lin Sheng Huai An Xian He Chuan Fu Lu T Zuo  247500
LI1R5YK7Q184733750855,Wei Yu Hua,Huawei/P40/Blue/128GB,8,99182,793456,SPRING20,634764.8,95214.72,2023-03-12 00:00:00,Paid,In Transit,Credit Card,Alipay,18014415790,Ji Lin Sheng Gui Xiang Xian Jiang Bei Fu Xin Lu J Zuo  933733
GEVWE4E70184733751019,Deng Yun,Huawei/P40/Blue/64GB,8,133944,1071552,SUMMER15,910819.2,136622.87999999998,2023-03-12 00:00:00,Paid,Delivered,PayPal,PayPal,13970879654,Jiang Su Sheng Dong Guan Shi Jiang Bei Wang Jie P Zuo  330759
F6NB3JEWB184733751187,Song Nan,Vivo/X60/Red/128GB,6,81621,489726,WINTER10,440753.4,66113.01,2023-03-12 00:00:00,Paid,Pending,Credit Card,Visa,15942979437,Hei Long Jiang Sheng Hu He Hao Te Shi Hai Gang Wu Han Jie T Zuo  503300
9Y890IX7D184733751357,Su Xiang,iPhone/13/Red/32GB,4,52457,209828,NEWYEAR25,157371.0,23605.649999999998,2023-03-12 00:00:00,Pending,Shipped,Credit Card,MasterCard,13575445813,Guang Xi Zhuang Zu Zi Zhi Qu Jie Shi Sha Wan Chen Jie R Zuo  891753
H7EX9J8BS184733751539,Tao Gui Ying,Oppo/Reno5/Red/64GB,5,83681,418405,FESTIVE30,292883.5,43932.525,2023-03-12 00:00:00,Failed,Delivered,Bank Transfer,American Express,13338128724,Zhe Jiang Sheng Liu Pan Shui Shi Liang Ping Wang Lu J Zuo  183399
O8NAB9KVJ184733751715,Zhang Xiu Hua,OnePlus/9/Red/64GB,9,113714,1023426,FESTIVE30,716398.2,107459.73,2023-03-12 00:00:00,Failed,Pending,PayPal,WeChat Pay,13502283184,Hai Nan Sheng Lu An Shi Shuang Luan Liu Jie V Zuo  673931
MANQDOGFE184733751887,Cai Li,Huawei/P40/Black/64GB,4,110337,441348,AUTUMN5,419280.6,62892.09,2023-03-12 00:00:00,Failed,Shipped,Debit Card,MasterCard,18271112617,Xiang Gang Te Bie Xing Zheng Qu Yang Xian Shen Bei Xin Tong Liao Jie R Zuo  906277
E085OVZ71184733752065,Huang Hong Mei,iPhone/13/Purple/32GB,2,103721,207442,WINTER10,186697.80000000002,28004.670000000002,2023-03-12 00:00:00,Paid,In Transit,Debit Card,WeChat Pay,15238577202,Ning Xia Hui Zu Zi Zhi Qu Yu Xian Xiao Shan Huang Lu M Zuo  348459
VB3G9S7ID184733752256,Cao Wei,Vivo/X60/White/254GB,10,63650,636500,AUTUMN5,604675.0,90701.25,2023-03-12 00:00:00,Pending,In Transit,PayPal,Alipay,15625240863,Jiang Su Sheng Gui Ying Xian Nan Xi Fo Shan Jie D Zuo  857732
A5ITCGABR184733752411,Wang Qian,Huawei/P40/Blue/64GB,4,65452,261808,SUMMER15,222536.8,33380.52,2023-03-12 00:00:00,Failed,In Transit,Debit Card,Alipay,13118604504,Bei Jing Shi Hong Xian Xiao Nan Tong Liao Jie N Zuo  870253
IM6AHT3NG184733752562,Lin Wei,iPhone/13/Purple/254GB,4,139447,557788,FESTIVE30,390451.6,58567.74,2023-03-12 00:00:00,Paid,Shipped,Credit Card,PayPal,13180238356,Chong Qing Shi Lei Shi Shen Bei Xin Qi Jie W Zuo  722649
UZGAUFA8J184733752731,Tao Jian Ping,Oppo/Reno5/Blue/32GB,2,109484,218968,SPRING20,175174.40000000002,26276.160000000003,2023-03-12 00:00:00,Pending,Shipped,Debit Card,American Express,15242378695,Ao Men Te Bie Xing Zheng Qu Ning De Shi Nan Chang Chang Sha Jie T Zuo  727254
G2406F0V2184733752917,Gao Xiu Lan,Huawei/P40/Red/32GB,1,88382,88382,FESTIVE30,61867.399999999994,9280.109999999999,2023-03-12 00:00:00,Failed,Pending,Debit Card,MasterCard,13426450812,Qing Hai Sheng Gui Zhi Shi Zhao Yang Dong Guan Jie E Zuo  721571
0CD19Y7J6184733753081,Liu Jia,iPhone/13/Red/32GB,2,118766,237532,NEWYEAR25,178149.0,26722.35,2023-03-12 00:00:00,Paid,Shipped,Credit Card,WeChat Pay,13543027355,Shan Dong Sheng Liu Pan Shui Shi Xi Xia Ceng Lu K Zuo  556312
8OUVB1V15184733753254,Wang Fan,Huawei/P40/Red/64GB,3,138690,416070,WINTER10,374463.0,56169.45,2023-03-12 00:00:00,Pending,Shipped,PayPal,WeChat Pay,15736946399,Gui Zhou Sheng Shi Jia Zhuang Xian Jing An Ou Jie F Zuo  796441
A9ZUGTQCQ184733753426,Liu Hong Xia,OnePlus/9/Blue/128GB,4,57828,231312,NEWYEAR25,173484.0,26022.6,2023-03-12 00:00:00,Paid,In Transit,PayPal,PayPal,15905689512,Hai Nan Sheng Shi Jia Zhuang Xian Sha Wan Hui Zhou Jie V Zuo  540269
2CWX6UNIW184733753594,Zhang Dan,Vivo/X60/Black/64GB,5,64805,324025,FESTIVE30,226817.5,34022.625,2023-03-12 00:00:00,Paid,In Transit,PayPal,Alipay,13545394840,Jiang Xi Sheng Fo Shan Shi Hai Gang Shi Jia Zhuang Jie I Zuo  518075
6QJ5Z8CWA184733753753,Zhuang Chang,Xiaomi/Mi 11/Blue/64GB,10,107508,1075080,WINTER10,967572.0,145135.8,2023-03-12 00:00:00,Failed,Delivered,Bank Transfer,American Express,18505368001,Hu Bei Sheng Fu Zhou Xian Xu Hui Jiang Jie F Zuo  198907
X3MRJ1YN8184733753923,He Jia,Oppo/Reno5/Red/32GB,5,135155,675775,AUTUMN5,641986.25,96297.9375,2023-03-12 00:00:00,Pending,Delivered,PayPal,PayPal,13451722971,Shang Hai Shi Da Ye Shi Qing Pu Wang Jie A Zuo  748293
PLXI51DFX184733754092,Wang Xiu Rong,Oppo/Reno5/Blue/8GB,5,59576,297880,AUTUMN5,282986.0,42447.9,2023-03-12 00:00:00,Pending,Shipped,Debit Card,PayPal,13414897143,Jiang Xi Sheng Chao Hu Xian Cheng Bei Qi Qi Ha Er Jie O Zuo  816293
D29MY29WB184733754268,Rong Ming,iPhone/13 Pro/Purple/254GB,7,84516,591612,SPRING20,473289.60000000003,70993.44,2023-03-12 00:00:00,Failed,Pending,PayPal,MasterCard,18238726488,Liao Ning Sheng Bo Shi Fang Shan Yang Jie S Zuo  980678
YROEXKZYM184733754430,Yang Shu Hua,Vivo/X60/Red/128GB,1,94911,94911,WINTER10,85419.90000000001,12812.985,2023-03-12 00:00:00,Pending,Pending,Bank Transfer,WeChat Pay,18596694178,Hai Nan Sheng Lan Ying Shi Shang Jie Chao Hu Jie F Zuo  881697
LBVBFSEOT184733754596,Peng Xu,iPhone/13/Purple/64GB,1,77587,77587,WINTER10,69828.3,10474.245,2023-03-12 00:00:00,Pending,Shipped,Credit Card,Alipay,13095084560,Guang Xi Zhuang Zu Zi Zhi Qu Bing Shi Shen He Lin Lu G Zuo  137778
B01WR8FJX184733754784,Li Li Li,iPhone/13/Red/64GB,5,128364,641820,AUTUMN5,609729.0,91459.34999999999,2023-03-12 00:00:00,Pending,Delivered,Debit Card,Visa,18784626552,Qing Hai Sheng Lin Xian Qing Pu Ao Men Lu P Zuo  888587
3TVWEZNJ6184733754941,Xie Jian Guo,Xiaomi/Mi 11/Blue/32GB,6,72952,437712,NEWYEAR25,328284.0,49242.6,2023-03-12 00:00:00,Pending,Pending,Bank Transfer,Alipay,13435307309,Chong Qing Shi Tong Liao Shi Zhao Yang Yi Dou Lu P Zuo  637551
3DY7NHVGF184733755104,Wang Li Hua,Xiaomi/Mi 11/Red/128GB,4,92319,369276,AUTUMN5,350812.2,52621.83,2023-03-12 00:00:00,Paid,Delivered,PayPal,MasterCard,13875093661,Guang Xi Zhuang Zu Zi Zhi Qu Dong Guan Shi Sha Wan Xiang Gang Lu Y Zuo  860575
YJC52WLXO184733755286,Wei Gui Ying,OnePlus/9/Purple/1TB,2,111101,222202,NEWYEAR25,166651.5,24997.725,2023-03-12 00:00:00,Failed,Shipped,PayPal,American Express,13069798976,Liao Ning Sheng Tian Jin Shi Dong Cheng Wu Jie M Zuo  223269
FHH9IJTPZ184733755461,Chen Mei,iPhone/13/Purple/128GB,5,99210,496050,WINTER10,446445.0,66966.75,2023-03-12 00:00:00,Failed,Shipped,PayPal,PayPal,13968010861,Tian Jin Shi Xiu Hua Xian Shen Bei Xin Shi Jia Zhuang Lu X Zuo  815142
PY0FV048X184733755629,Chen Qin,Xiaomi/Mi 11/Purple/254GB,9,80569,725121,SUMMER15,616352.85,92452.92749999999,2023-03-12 00:00:00,Pending,Pending,PayPal,PayPal,18715894263,Guang Xi Zhuang Zu Zi Zhi Qu Tai Bei Shi Sha Shi Liang Jie R Zuo  762711
8IGXHDW6X184733755816,Zhang Gui Zhen,OnePlus/9/White/32GB,10,86259,862590,NEWYEAR25,646942.5,97041.375,2023-03-12 00:00:00,Paid,Pending,Credit Card,WeChat Pay,18850203874,Xiang Gang Te Bie Xing Zheng Qu Cheng Shi Xiang An Hu He Hao Te Jie W Zuo  441789
RMRVFTTOC184733756006,Wang Wei,iPhone/13 Pro/Red/8GB,6,124441,746646,WINTER10,671981.4,100797.21,2023-03-12 00:00:00,Failed,In Transit,Debit Card,MasterCard,15317052279,Gui Zhou Sheng Shang Hai Xian Zhang Shou Ha Er Bin Jie I Zuo  709349
I9FYEMH4H184733756166,Fan Yu Ying,Huawei/P40/Red/64GB,5,146125,730625,SPRING20,584500.0,87675.0,2023-03-12 00:00:00,Pending,Shipped,PayPal,WeChat Pay,18149954755,Liao Ning Sheng Zhang Chun Xian Yong Chuan Yu Jie U Zuo  197776
UHRVWRNUA184733756342,Wang Gui Zhi,Oppo/Reno5/Black/254GB,9,64720,582480,FESTIVE30,407736.0,61160.399999999994,2023-03-12 00:00:00,Failed,Shipped,Credit Card,WeChat Pay,18001964712,Ji Lin Sheng Hong Xia Shi Zi Chuan Lan Zhou Lu M Zuo  516571
E38DRZCVY184733756506,Feng Gui Zhi,iPhone/13 Pro/Purple/128GB,6,110903,665418,FESTIVE30,465792.6,69868.89,2023-03-12 00:00:00,Pending,Shipped,Credit Card,American Express,18657137908,Hai Nan Sheng Xin Ji Shi Dong Cheng Hui Zhou Lu J Zuo  828120
6BWBO3G86184733756669,Wang Lei,Oppo/Reno5/White/1TB,10,73015,730150,SUMMER15,620627.5,93094.125,2023-03-12 00:00:00,Failed,Shipped,Bank Transfer,WeChat Pay,18745141804,Xiang Gang Te Bie Xing Zheng Qu Lu An Xian Nan Zhang Guan Ling Lu J Zuo  112293
40HEWIXZI184733756849,Song Cheng,Xiaomi/Mi 11/Black/254GB,10,80034,800340,SUMMER15,680289.0,102043.34999999999,2023-03-12 00:00:00,Pending,Pending,Bank Transfer,WeChat Pay,13367624589,Xi Zang Zi Zhi Qu Xiu Zhen Shi Huang Pu Ha Er Bin Jie W Zuo  630711
NOJ3W7E0W184733757020,Zhang Xiang,iPhone/13/Purple/128GB,3,107518,322554,SUMMER15,274170.89999999997,41125.634999999995,2023-03-12 00:00:00,Paid,Delivered,Debit Card,American Express,15177656898,Chong Qing Shi Jian Jun Xian Qing Pu Li Lu E Zuo  600727
7RH7PE1DP184733757189,Liang Min,Vivo/X60/Blue/32GB,10,69310,693100,WINTER10,623790.0,93568.5,2023-03-12 00:00:00,Failed,Pending,Credit Card,PayPal,15398359798,Shan Dong Sheng Jing Shi Huang Pu Chen Jie W Zuo  493551
ASB7NFMRK184733757355,Wang Na,Oppo/Reno5/Purple/128GB,6,135948,815688,FESTIVE30,570981.6,85647.23999999999,2023-03-12 00:00:00,Failed,Shipped,PayPal,Alipay,15839000737,Guang Dong Sheng Wu Lu Mu Qi Shi Nan Xi Guang Zhou Lu S Zuo  506433
JGQTSW2GJ184733757520,Pan Bo,OnePlus/9/Black/64GB,8,87355,698840,WINTER10,628956.0,94343.4,2023-03-12 00:00:00,Failed,Pending,Bank Transfer,Visa,14572558470,Hu Nan Sheng Shan Wei Xian Sha Wan Liu Zhou Jie K Zuo  379997
H2Y3OAO4C184733757678,Lao Shuai,Galaxy/S21/Blue/128GB,3,125558,376674,SUMMER15,320172.89999999997,48025.93499999999,2023-03-12 00:00:00,Failed,Delivered,Credit Card,MasterCard,15646229599,Tian Jin Shi Lu An Shi Nan Hu Chao Hu Lu Z Zuo  235610
Z70TTT3UQ184733757836,Wang Jing,iPhone/13/Blue/8GB,1,122819,122819,NEWYEAR25,92114.25,13817.137499999999,2023-03-12 00:00:00,Paid,Pending,Debit Card,MasterCard,13359784017,Hai Nan Sheng Yan Shi An Ci Wu Lu Mu Qi Lu A Zuo  520976
9TSYURVEH184733757995,Tang Peng,Xiaomi/Mi 11/White/64GB,2,142178,284356,NEWYEAR25,213267.0,31990.05,2023-03-12 00:00:00,Pending,In Transit,Credit Card,PayPal,15685767852,An Hui Sheng Xin Xian Mu Ye Wu Lu Mu Qi Jie M Zuo  461180
5US5JOCCT184733758156,Zhou Chen,iPhone/13 Pro/Blue/8GB,3,147105,441315,SPRING20,353052.0,52957.799999999996,2023-03-12 00:00:00,Failed,Delivered,Bank Transfer,MasterCard,13868049522,Ning Xia Hui Zu Zi Zhi Qu Chong Qing Xian Mu Ye Wang Jie S Zuo  756825
1KF7SJ7MZ184733758345,Shu Gui Zhen,iPhone/13/Purple/32GB,7,53534,374738,AUTUMN5,356001.1,53400.16499999999,2023-03-12 00:00:00,Failed,Pending,Bank Transfer,Alipay,15935538020,Bei Jing Shi Yu Ying Xian Shen Bei Xin Qi Qi Ha Er Jie Y Zuo  860866
9R56PCWZJ184733758532,Xiao Yang,iPhone/13 Pro/Red/32GB,4,132428,529712,FESTIVE30,370798.39999999997,55619.759999999995,2023-03-12 00:00:00,Failed,Shipped,Bank Transfer,Visa,15615885791,Zhe Jiang Sheng Peng Shi Shan Ting Wu Lu Mu Qi Lu B Zuo  747971
BP31X2HDE184733758695,Huang Yu Zhen,Vivo/X60/Red/254GB,5,81023,405115,SPRING20,324092.0,48613.799999999996,2023-03-12 00:00:00,Paid,Delivered,PayPal,MasterCard,13917411512,Fu Jian Sheng Nan Jing Xian Xi Shan Ha Er Bin Lu E Zuo  107050
IR3QK3NMA184733758863,Deng Bo,Vivo/X60/Black/64GB,4,87908,351632,FESTIVE30,246142.4,36921.36,2023-03-12 00:00:00,Pending,In Transit,Debit Card,MasterCard,13356483536,Yun Nan Sheng Shang Hai Xian Huang Pu Nan Ning Jie L Zuo  436632
AS4O4GYDP184733759025,Chang Li,Xiaomi/Mi 11/Blue/128GB,9,128824,1159416,SPRING20,927532.8,139129.92,2023-03-12 00:00:00,Paid,Delivered,Debit Card,WeChat Pay,14540770424,Ao Men Te Bie Xing Zheng Qu Zheng Zhou Shi Shuang Luan Wang Jie A Zuo  962069
B218AL6F9184733759220,Zhang Hai Yan,Xiaomi/Mi 11/White/32GB,7,148310,1038170,FESTIVE30,726719.0,109007.84999999999,2023-03-12 00:00:00,Pending,Delivered,Debit Card,MasterCard,15997601563,Yun Nan Sheng Hai Men Shi Shen Bei Xin Yang Jie G Zuo  889560
U0DJT6PBG184733759401,Feng Xu,iPhone/13/White/128GB,5,58979,294895,WINTER10,265405.5,39810.825,2023-03-12 00:00:00,Failed,Pending,Credit Card,Visa,15560948124,Chong Qing Shi Hui Zhou Shi Liang Ping Shi Jia Zhuang Lu C Zuo  580172
0537RVUBA184733759564,Ding Yang,Galaxy/S21/Black/128GB,9,51290,461610,AUTUMN5,438529.5,65779.425,2023-03-12 00:00:00,Paid,Delivered,Bank Transfer,MasterCard,15924579698,Bei Jing Shi Liu Zhou Xian Huang Pu Han Dan Jie E Zuo  836885
XQIPWYJUR184733759728,Wu Feng,Xiaomi/Mi 11/Red/8GB,1,97273,97273,WINTER10,87545.7,13131.855,2023-03-12 00:00:00,Paid,Pending,Bank Transfer,WeChat Pay,18020164668,Shang Hai Shi Hui Zhou Shi Bin Cheng Shi Lu Q Zuo  923374
EBN2OAOZJ184733759901,Li Qiang,Xiaomi/Mi 11/Purple/1TB,1,137414,137414,WINTER10,123672.6,18550.89,2023-03-12 00:00:00,Pending,Pending,PayPal,MasterCard,15263800812,Shan Dong Sheng Ha Er Bin Xian Huai Rou Cui Jie K Zuo  728626
SWUEVX119184733760078,Yang Qin,iPhone/13/Blue/1TB,5,104934,524670,AUTUMN5,498436.5,74765.47499999999,2023-03-12 00:00:00,Failed,Pending,Debit Card,MasterCard,15117930901,Si Chuan Sheng Xiu Yun Shi Min Xing Zhang Jia Gang Lu B Zuo  461880
A2GSIHKI6184733760243,Liu Cheng,iPhone/13/Black/254GB,5,115464,577320,NEWYEAR25,432990.0,64948.5,2023-03-12 00:00:00,Failed,In Transit,Credit Card,Alipay,15786354043,Xin Jiang Wei Wu Er Zi Zhi Qu Xi An Xian Da Xing Li Jie N Zuo  724478
NJIONNQSQ184733760431,Zhang Cheng,Huawei/P40/White/254GB,6,128901,773406,SPRING20,618724.8,92808.72,2023-03-12 00:00:00,Paid,Shipped,PayPal,Alipay,18561048265,Hu Nan Sheng Hui Zhou Xian Bi Shan Li Jie T Zuo  829658
R5OHQDN2H184733760599,Qiu Xue Mei,Oppo/Reno5/Black/32GB,9,88132,793188,SUMMER15,674209.7999999999,101131.46999999999,2023-03-12 00:00:00,Failed,Shipped,PayPal,American Express,13123263247,Jiang Xi Sheng Ping Xian Xiao Shan Wu Lu Mu Qi Lu J Zuo  637606
YGKRY74DB184733760767,Chen Ping,Xiaomi/Mi 11/Red/32GB,6,135543,813258,SPRING20,650606.4,97590.96,2023-03-12 00:00:00,Paid,Pending,Credit Card,Visa,13945858049,Xin Jiang Wei Wu Er Zi Zhi Qu Hai Men Xian Liang Ping Tong Liao Jie L Zuo  820362
C0CCST44G184733760940,Li Fan,Vivo/X60/Black/32GB,6,53774,322644,NEWYEAR25,241983.0,36297.45,2023-03-12 00:00:00,Failed,In Transit,Credit Card,American Express,14531577618,Xin Jiang Wei Wu Er Zi Zhi Qu Cheng Du Shi Cheng Bei Zheng Jie D Zuo  760677
UBSPHPHS0184733761129,Zhao Jian Guo,Vivo/X60/Red/8GB,4,93250,373000,AUTUMN5,354350.0,53152.5,2023-03-12 00:00:00,Failed,Shipped,Credit Card,Alipay,18168095498,Ning Xia Hui Zu Zi Zhi Qu Dong Shi Ji Qu Li Lu T Zuo  710698
L27HQFP3B184733761317,Tian Chen,Huawei/P40/Blue/128GB,3,131566,394698,SUMMER15,335493.3,50323.994999999995,2023-03-12 00:00:00,Failed,Pending,PayPal,Visa,13855913235,Ning Xia Hui Zu Zi Zhi Qu Jing Men Xian An Ci Shang Hai Jie G Zuo  948273
VQKDCNT3V184733761495,Ma Liu,Oppo/Reno5/Blue/254GB,9,82573,743157,FESTIVE30,520209.89999999997,78031.48499999999,2023-03-12 00:00:00,Pending,In Transit,Debit Card,WeChat Pay,14532645052,Ji Lin Sheng Yang Shi Shen He Yong An Lu Q Zuo  103247
QUPJOOXOO184733761647,Luo Yu Hua,Vivo/X60/Purple/32GB,8,142830,1142640,SPRING20,914112.0,137116.8,2023-03-12 00:00:00,Failed,Pending,Debit Card,WeChat Pay,13138193072,Guang Dong Sheng Shen Yang Xian Xiao Shan Huang Lu V Zuo  610135
ID3EV4EIC184733761820,Hu Chen,Oppo/Reno5/Red/128GB,10,118831,1188310,NEWYEAR25,891232.5,133684.875,2023-03-12 00:00:00,Paid,Delivered,Credit Card,PayPal,18125808560,Jiang Su Sheng Wu Zhou Xian Shan Ting Shi Jia Zhuang Lu K Zuo  831201
Z2FNE8FAG184733761983,Xu Mei,Xiaomi/Mi 11/White/64GB,10,149449,1494490,SPRING20,1195592.0,179338.8,2023-03-12 00:00:00,Paid,Pending,Debit Card,Alipay,15552843459,Liao Ning Sheng Zhang Chun Xian Jing An Wu Zhou Jie T Zuo  990675
8WJHYCEF6184733762138,Sun Wei,Vivo/X60/Red/8GB,1,121091,121091,WINTER10,108981.90000000001,16347.285,2023-03-12 00:00:00,Paid,Delivered,Credit Card,MasterCard,13871236433,Jiang Su Sheng Huan Shi Zi Chuan Cheng Jie X Zuo  778997
V4D6V81VP184733762305,Guo Lin,Vivo/X60/Blue/1TB,10,91323,913230,SPRING20,730584.0,109587.59999999999,2023-03-12 00:00:00,Failed,Delivered,Bank Transfer,Visa,14726483335,Jiang Xi Sheng Tai Yuan Xian Bi Shan Zhu Jie U Zuo  962552
DRZMZGVCJ184733762472,He Xiu Fang,Vivo/X60/Blue/128GB,6,109958,659748,FESTIVE30,461823.6,69273.54,2023-03-12 00:00:00,Pending,Delivered,Credit Card,MasterCard,15194020998,Nei Meng Gu Zi Zhi Qu Shu Lan Xian Xiao Shan Da Ye Jie I Zuo  488508
U0HK23C1D184733762651,A Min,Vivo/X60/Red/32GB,1,123507,123507,SPRING20,98805.6,14820.84,2023-03-12 00:00:00,Paid,Pending,Bank Transfer,Visa,13239192907,Xin Jiang Wei Wu Er Zi Zhi Qu Xue Mei Shi Ji Zhou Ji Nan Jie P Zuo  670839
6OBH3OHID184733762830,Yan Yu,Xiaomi/Mi 11/White/254GB,2,102118,204236,AUTUMN5,194024.19999999998,29103.629999999997,2023-03-12 00:00:00,Pending,Pending,Credit Card,Visa,15673736903,Nei Meng Gu Zi Zhi Qu Jian Xian Zhao Yang Yuan Jie T Zuo  999311
BOOK4B181184733763008,Zhao Li,Huawei/P40/Purple/1TB,4,96758,387032,SPRING20,309625.60000000003,46443.840000000004,2023-03-12 00:00:00,Pending,Shipped,Credit Card,American Express,14567676130,Yun Nan Sheng Xing Cheng Xian Qing Pu Wu Zhou Jie Q Zuo  871813
13TWHC8XR184733763166,Li Tao,Huawei/P40/Purple/8GB,4,55078,220312,AUTUMN5,209296.4,31394.46,2023-03-12 00:00:00,Failed,Shipped,PayPal,PayPal,18175274168,Hei Long Jiang Sheng He Shan Xian Jin Ping Chen Jie K Zuo  495464
C11UROP4Y184733763340,Jiao Xu,Galaxy/S21/Red/32GB,10,102749,1027490,NEWYEAR25,770617.5,115592.625,2023-03-12 00:00:00,Pending,Pending,Bank Transfer,Alipay,13931082920,Chong Qing Shi Liu Pan Shui Shi Qing Cheng Zhou Lu U Zuo  641341
C6I973NKE184733763517,Pan Hai Yan,Xiaomi/Mi 11/White/254GB,7,132793,929551,SUMMER15,790118.35,118517.75249999999,2023-03-12 00:00:00,Failed,Shipped,Bank Transfer,PayPal,14769529303,Ji Lin Sheng Wu Han Xian Long Tan Deng Jie J Zuo  266642
K3ME5J8YM184733763693,Yang Yan,OnePlus/9/Purple/64GB,5,123439,617195,AUTUMN5,586335.25,87950.28749999999,2023-03-12 00:00:00,Paid,In Transit,Credit Card,Visa,18023232094,Tian Jin Shi Yin Chuan Shi Zhang Shou Fo Shan Lu H Zuo  360733
R4XS3MMLW184733763849,Zhang Xiao Hong,Huawei/P40/Red/254GB,2,65326,130652,SUMMER15,111054.2,16658.129999999997,2023-03-12 00:00:00,Paid,Pending,PayPal,American Express,15615288125,Ji Lin Sheng Shuai Shi Min Xing Guo Jie M Zuo  820848
RJPMA4UFU184733764017,Qiang Fang,Vivo/X60/Black/1TB,7,82408,576856,WINTER10,519170.4,77875.56,2023-03-12 00:00:00,Failed,Pending,Debit Card,American Express,14780865417,Xi Zang Zi Zhi Qu Shu Lan Xian Wei Dou Li Lu R Zuo  775776
HFBCW1HX9184733764194,Zhang Xue Mei,Oppo/Reno5/Blue/64GB,5,141548,707740,WINTER10,636966.0,95544.9,2023-03-12 00:00:00,Failed,In Transit,Bank Transfer,American Express,13369816103,Hu Nan Sheng Na Xian Zhang Shou Lan Zhou Lu M Zuo  913559
YKNU3UX67184733764352,Ren Shu Ying,Oppo/Reno5/Black/8GB,8,121297,970376,FESTIVE30,679263.2,101889.48,2023-03-12 00:00:00,Paid,Shipped,Credit Card,WeChat Pay,13469415675,Xi Zang Zi Zhi Qu Fu Xin Shi Zhang Shou Chang Sha Lu O Zuo  183882
AC8KR2LBX184733764525,Deng Shu Zhen,Xiaomi/Mi 11/Purple/128GB,9,60213,541917,SUMMER15,460629.45,69094.4175,2023-03-12 00:00:00,Failed,Delivered,Bank Transfer,MasterCard,18038441606,He Nan Sheng Jin Feng Shi Mu Ye Xing An Meng Jie V Zuo  881107
1GZE5LNF2184733764693,Liu Gui Lan,Oppo/Reno5/Blue/1TB,7,132475,927325,SUMMER15,788226.25,118233.9375,2023-03-12 00:00:00,Failed,Pending,PayPal,Alipay,18966442164,Hu Nan Sheng Hai Yan Shi Jing An Nie Lu B Zuo  723881
GD8UH4FZ2184733764870,Xiang Cheng,OnePlus/9/White/64GB,3,134264,402792,NEWYEAR25,302094.0,45314.1,2023-03-12 00:00:00,Paid,In Transit,Debit Card,Alipay,13023715755,He Bei Sheng Min Shi Yong Chuan Da Ye Lu Z Zuo  814404
VF5XZRQ49184733765024,Liu Ning,Vivo/X60/Blue/128GB,2,85148,170296,WINTER10,153266.4,22989.96,2023-03-12 00:00:00,Pending,In Transit,Credit Card,MasterCard,15319254446,Shan Dong Sheng Yu Ying Shi Qing Cheng Xing Cheng Lu P Zuo  637553
9562M2XHF184733765184,Sui Jun,OnePlus/9/Red/64GB,1,149968,149968,SPRING20,119974.40000000001,17996.16,2023-03-12 00:00:00,Failed,Shipped,PayPal,Alipay,13947866245,Nei Meng Gu Zi Zhi Qu Wei Shi Huai Rou Nan Ning Lu Z Zuo  823070
SRZGIIK8O184733765354,Yu Li Juan,Vivo/X60/Purple/128GB,6,139674,838044,AUTUMN5,796141.7999999999,119421.26999999999,2023-03-12 00:00:00,Pending,Pending,Bank Transfer,American Express,15026844192,Yun Nan Sheng Hai Kou Shi Hua Xi Chen Jie S Zuo  319648
CN4S3VBL9184733765531,Liu Lin,Galaxy/S21/Black/1TB,9,83699,753291,AUTUMN5,715626.45,107343.96749999998,2023-03-12 00:00:00,Pending,Pending,PayPal,Visa,18794276159,Hu Bei Sheng He Shan Xian Xing Shan Shen Zhen Jie V Zuo  727989
72F4UVCYX184733765692,Lu Yan,Galaxy/S21/Black/64GB,1,101213,101213,AUTUMN5,96152.34999999999,14422.852499999999,2023-03-12 00:00:00,Pending,Shipped,Bank Transfer,Alipay,15138874249,Bei Jing Shi Gui Lan Xian He Chuan Xi An Lu D Zuo  340481
O6BGGI3ML184733765849,Zhu Jia,Oppo/Reno5/Purple/254GB,10,118340,1183400,FESTIVE30,828380.0,124257.0,2023-03-12 00:00:00,Failed,Delivered,Debit Card,Visa,15009149432,Hu Nan Sheng Yu Hua Xian Xing Shan Bei Jing Lu M Zuo  491134
WHK7T1VS5184733766006,Guo Shu Zhen,Galaxy/S21/Red/128GB,5,133682,668410,NEWYEAR25,501307.5,75196.125,2023-03-12 00:00:00,Paid,Pending,Credit Card,American Express,15576519936,Shan Dong Sheng Jun Xian Xin Cheng Shang Hai Lu H Zuo  816007
WCMYYYZHH184733766169,Chen Gui Rong,OnePlus/9/Purple/128GB,7,114606,802242,AUTUMN5,762129.8999999999,114319.48499999999,2023-03-12 00:00:00,Pending,Delivered,Bank Transfer,WeChat Pay,15352898412,Fu Jian Sheng Fo Shan Shi Xun Yang Wang Jie G Zuo  167211
OZ6C02SM0184733766385,Chen Shu Zhen,iPhone/13/Blue/1TB,8,114862,918896,FESTIVE30,643227.2,96484.07999999999,2023-03-12 00:00:00,Failed,Delivered,Debit Card,American Express,15671876464,An Hui Sheng Qi Qi Ha Er Shi Dong Cheng Huang Lu J Zuo  697354
QF8A7JGUO184733766596,Wu Lin,OnePlus/9/White/8GB,6,119415,716490,SPRING20,573192.0,85978.8,2023-03-12 00:00:00,Pending,Delivered,Credit Card,American Express,15831010809,He Nan Sheng Li Xian Qing Cheng Jing Men Lu G Zuo  782659
TA73RIUSK184733766764,Wei Gui Xiang,OnePlus/9/Red/1TB,3,68750,206250,SUMMER15,175312.5,26296.875,2023-03-12 00:00:00,Paid,Delivered,Credit Card,MasterCard,13841131380,Gan Su Sheng Hu He Hao Te Shi Bin Cheng Jia He Jie O Zuo  607696
1ACBZFMUK184733766948,Zhao Ping,Oppo/Reno5/Purple/64GB,7,119484,836388,FESTIVE30,585471.6,87820.73999999999,2023-03-12 00:00:00,Paid,Pending,Bank Transfer,WeChat Pay,15978784530,He Nan Sheng Qi Qi Ha Er Shi Zhang Shou Shi Jia Zhuang Lu P Zuo  279320
PKNYUT5PN184733767135,Zhu Xue,Huawei/P40/Purple/128GB,4,100082,400328,SUMMER15,340278.8,51041.82,2023-03-12 00:00:00,Failed,Delivered,Bank Transfer,Visa,15765068587,Bei Jing Shi Ping Shi Dong Li Wu Zhou Lu T Zuo  439402
X80E5RR1U184733767301,Zhao Min,Xiaomi/Mi 11/Red/1TB,9,134456,1210104,SPRING20,968083.2000000001,145212.48,2023-03-12 00:00:00,Paid,Pending,Debit Card,American Express,13790559512,Shan Xi Sheng Bei Zhen Xian Xun Yang Han Jie B Zuo  385145
Q82G8BHQ9184733767481,Fan Hong Xia,Huawei/P40/Blue/32GB,2,101924,203848,AUTUMN5,193655.59999999998,29048.339999999997,2023-03-12 00:00:00,Paid,Shipped,Bank Transfer,American Express,18893211687,Shan Dong Sheng Zheng Zhou Shi Gao Ping Shen Yang Lu A Zuo  191984
JFTA0DM0G184733767652,Zou Long,iPhone/13/Red/64GB,1,88518,88518,FESTIVE30,61962.6,9294.39,2023-03-12 00:00:00,Failed,In Transit,Debit Card,Alipay,15617769895,Ji Lin Sheng Cheng Du Shi Zhao Yang Xing Cheng Jie H Zuo  640717
ES30T0GJN184733767816,Zhang Jie,Oppo/Reno5/Black/64GB,8,86304,690432,SUMMER15,586867.2,88030.07999999999,2023-03-12 00:00:00,Pending,In Transit,Debit Card,American Express,15788575949,Ao Men Te Bie Xing Zheng Qu Rui Shi Gao Ming Yu Jie Z Zuo  209653
WTVQZFNIW184733768018,Ma Xue,iPhone/13/Blue/128GB,3,56777,170331,SUMMER15,144781.35,21717.2025,2023-03-12 00:00:00,Failed,Shipped,Bank Transfer,MasterCard,18701103686,Gan Su Sheng Kun Ming Shi Yong Chuan Zhang Lu J Zuo  174087
H6HN96ZIP184733768192,Huang Hao,Galaxy/S21/Blue/32GB,10,140049,1400490,SPRING20,1120392.0,168058.8,2023-03-12 00:00:00,Pending,Pending,Debit Card,MasterCard,15177261735,Xi Zang Zi Zhi Qu Ling Shi Ping Shan Xing An Meng Jie W Zuo  949501
